shipment_id,delivery_date,region,vehicle_type,traffic_level,distance_km,shipment_volume,promised_time_hours,delivery_time_hours,transportation_cost,on_time,delayed,distance_km_normalized,shipment_volume_normalized,delivery_time_hours_normalized,transportation_cost_normalized
SHP10001,2026-01-21,North,Van,Low,348.7,16.0,10.57,9.74,1179.17,1,0,0.7733602875112309,0.8333333333333334,0.5756600128783002,0.7549948566378348
SHP10002,2026-04-13,East,Van,Low,198.6,14.0,7.37,8.29,853.74,0,1,0.43620844564240785,0.7222222222222222,0.4822923374114617,0.5192477651729184
SHP10003,2026-02-01,South,Van,Low,386.7,11.0,10.83,9.79,1141.53,1,0,0.8587151841868822,0.5555555555555556,0.578879587894398,0.727727792990539
SHP10004,2026-02-26,North,Truck,Medium,314.4,17.0,9.99,10.71,1034.77,0,1,0.6963162623539981,0.8888888888888888,0.6381197681905989,0.6503890120398139
SHP10005,2026-03-16,North,Truck,Low,44.2,3.0,3.18,1.9,184.99,1,0,0.08939802336028752,0.1111111111111111,0.07083065035415326,0.034793758421350025
SHP10006,2026-01-26,West,Van,High,439.1,18.0,12.58,15.3,1353.35,0,1,0.9764150943396226,0.9444444444444444,0.933676754668384,0.8811738456411815
SHP10007,2026-03-12,West,Van,Medium,343.0,17.0,10.56,10.96,1121.51,0,1,0.7605570530098832,0.8888888888888888,0.6542176432710883,0.7132249605192622
SHP10008,2026-02-18,West,Bike,High,354.2,10.0,10.08,11.97,1072.28,0,1,0.7857142857142857,0.5,0.7192530585962654,0.6775619014502832
SHP10009,2026-06-02,North,Van,Medium,59.4,14.0,4.59,4.74,449.18,0,1,0.12353998203054806,0.7222222222222222,0.2537025112685126,0.2261775401689341
SHP10010,2026-06-04,South,Truck,High,203.8,10.0,7.08,8.12,716.74,0,1,0.44788858939802334,0.5,0.47134578235672897,0.4200026079019428
SHP10011,2026-01-01,West,Bike,Low,168.1,6.0,5.96,6.19,562.99,0,1,0.3676999101527403,0.2777777777777778,0.347070186735351,0.30862346242447947
SHP10012,2026-04-19,East,Van,Medium,417.2,16.0,11.94,13.45,1306.02,0,1,0.9272237196765498,0.8333333333333334,0.8145524790727624,0.8468871792642818
SHP10013,2026-04-26,North,Van,Low,290.5,5.0,8.31,8.16,908.61,1,0,0.6426325247079964,0.2222222222222222,0.4739214423696073,0.5589965372857536
SHP10014,2026-03-10,North,Van,High,370.6,6.0,10.01,11.68,1073.11,0,1,0.8225516621743038,0.2777777777777778,0.7005795235028976,0.6781631677315598
SHP10015,2026-03-26,South,Bike,Medium,200.6,10.0,7.01,8.53,742.05,0,1,0.44070080862533684,0.5,0.49774629748873156,0.4383376073948508
SHP10016,2026-05-23,West,Van,High,103.8,16.0,5.68,7.17,615.61,0,1,0.22327044025157228,0.8333333333333334,0.41017385705086934,0.34674229582301036
SHP10017,2026-03-10,North,Van,Low,250.5,8.0,7.81,7.39,795.6,1,0,0.5527852650494159,0.3888888888888889,0.4243399871217,0.47713014879529414
SHP10018,2026-01-12,West,Van,High,30.6,10.0,3.61,5.2,810.55,0,1,0.05884995507637017,0.5,0.2833226014166131,0.4879601860303385
SHP10019,2026-03-09,East,Van,Medium,372.8,1.0,9.56,12.27,984.45,0,1,0.8274932614555256,0.0,0.7385705086928526,0.6139363382159053
SHP10020,2026-02-15,West,Truck,Medium,285.0,3.0,8.0,7.22,760.16,1,0,0.6302785265049415,0.1111111111111111,0.4133934320669672,0.4514568030019848
SHP10021,2026-03-10,West,Van,High,341.6,2.0,9.03,11.88,909.16,0,1,0.7574123989218329,0.05555555555555555,0.7134578235672893,0.5593949667492502
SHP10022,2026-02-11,South,Truck,Medium,160.8,2.0,5.42,3.73,418.34,1,0,0.3513027852650494,0.05555555555555555,0.1886670959433355,0.20383651352486923
SHP10023,2026-01-27,West,Truck,Medium,436.9,17.0,12.44,13.99,1396.71,0,1,0.9714734950584006,0.8888888888888888,0.8493238892466195,0.9125845757088422
SHP10024,2026-06-27,North,Bike,Medium,402.1,16.0,11.64,14.59,1326.92,0,1,0.8933063791554358,0.8333333333333334,0.887958789439794,0.8620274988771534
SHP10025,2026-01-24,South,Van,Low,350.7,16.0,10.61,11.45,1166.94,0,1,0.7778526504941599,0.8333333333333334,0.6857694784288474,0.7461352342040828
SHP10026,2026-05-08,North,Bike,Low,89.2,2.0,3.98,3.61,433.98,1,0,0.19047619047619044,0.05555555555555555,0.18094011590470058,0.21516639863230028
SHP10027,2026-05-10,North,Truck,Low,211.1,2.0,6.42,5.51,580.76,1,0,0.4642857142857142,0.05555555555555555,0.30328396651641987,0.32149635618145195
SHP10028,2026-04-22,North,Van,Low,21.6,6.0,3.03,2.43,285.3,1,0,0.03863432165318958,0.2777777777777778,0.10495814552479076,0.10746004839106939
SHP10029,2026-06-14,North,Bike,High,71.1,11.0,4.52,5.82,472.81,0,1,0.14982030548068279,0.5555555555555556,0.32324533161622676,0.24329551875516148
SHP10030,2026-01-01,North,Bike,Medium,308.0,7.0,8.86,8.82,919.09,1,0,0.6819407008086253,0.3333333333333333,0.5164198325820992,0.5665884296083801
SHP10031,2026-02-24,South,Van,Medium,335.7,10.0,9.71,10.34,1033.4,0,1,0.7441599281221922,0.5,0.6142949130714747,0.6493965604671043
SHP10032,2026-02-03,North,Bike,Medium,435.4,4.0,11.11,12.37,1154.7,0,1,0.9681042228212039,0.16666666666666666,0.7450096587250483,0.7372683675982672
SHP10033,2026-04-14,North,Truck,Medium,148.0,14.0,6.36,6.12,735.76,1,0,0.32255166217430364,0.7222222222222222,0.34256278171281396,0.4337810231668622
SHP10034,2026-04-25,West,Truck,Medium,168.0,6.0,5.96,5.57,659.6,1,0,0.36747529200359386,0.2777777777777778,0.3071474565357374,0.37860940873067617
SHP10035,2026-06-11,North,Bike,High,212.4,2.0,6.45,6.66,623.18,0,1,0.4672057502246181,0.05555555555555555,0.37733419188667106,0.3522261340751365
SHP10036,2026-03-10,North,Van,High,86.9,15.0,5.24,7.36,617.87,0,1,0.18530997304582209,0.7777777777777778,0.4224082421120413,0.34837947870937824
SHP10037,2026-02-12,North,Bike,Medium,60.2,18.0,5.0,6.1,544.86,0,1,0.12533692722371967,0.9444444444444444,0.3412749517063748,0.2954897784732183
SHP10038,2026-06-16,North,Van,Low,215.1,1.0,6.4,6.35,645.69,1,0,0.4732704402515723,0.0,0.35737282678686416,0.36853276539024354
SHP10039,2026-05-02,East,Bike,Medium,103.7,9.0,4.97,6.45,475.85,0,1,0.22304582210242585,0.4444444444444444,0.36381197681905997,0.2454977470624882
SHP10040,2026-05-18,West,Truck,Medium,302.1,16.0,9.64,10.73,1121.7,0,1,0.6686882300089848,0.8333333333333334,0.6394075981970381,0.7133625997884702
SHP10041,2026-03-22,East,Van,Medium,197.8,14.0,7.36,8.51,906.64,0,1,0.43441150044923627,0.7222222222222222,0.4964584674822924,0.5575694353892293
SHP10042,2026-03-22,East,Van,Medium,375.0,17.0,11.2,12.71,1245.51,0,1,0.8324348607367476,0.8888888888888888,0.766902768834514,0.8030526941075904
SHP10043,2026-03-12,North,Van,Medium,315.7,8.0,9.11,9.87,859.88,0,1,0.699236298292902,0.3888888888888889,0.5840309079201546,0.5236956868199533
SHP10044,2026-05-15,West,Van,Low,141.9,8.0,5.64,4.73,551.52,1,0,0.30884995507637014,0.3888888888888889,0.25305859626529303,0.3003143970675591
SHP10045,2026-02-07,North,Van,Low,374.9,14.0,10.9,13.65,1252.21,0,1,0.832210242587601,0.7222222222222222,0.827430779137154,0.8079062893901856
SHP10046,2026-06-25,East,Van,Medium,362.5,3.0,9.55,9.92,996.39,0,1,0.8043575920934412,0.1111111111111111,0.5872504829362525,0.6225858796598136
SHP10047,2026-02-01,South,Van,Low,175.6,5.0,6.01,4.97,607.52,1,0,0.3845462713387241,0.2222222222222222,0.2685125563425628,0.3408817606235783
SHP10048,2026-03-24,West,Van,Low,131.2,12.0,5.82,6.03,810.55,0,1,0.2848158131176998,0.6111111111111112,0.3367675466838378,0.4879601860303385
SHP10049,2026-02-26,South,Bike,Medium,307.8,13.0,9.46,10.68,1052.96,0,1,0.6814914645103325,0.6666666666666666,0.6361880231809401,0.6635661610234566
SHP10050,2026-04-26,East,Bike,Medium,64.6,3.0,3.59,2.25,370.92,1,0,0.1352201257861635,0.1111111111111111,0.09336767546683838,0.16948464959939727
SHP10051,2026-05-03,South,Bike,Low,91.6,10.0,4.83,5.67,542.89,0,1,0.19586702605570525,0.5,0.3135866065679331,0.294062676576694
SHP10052,2026-06-15,East,Van,Medium,5.3,7.0,2.81,2.85,810.55,0,1,0.002021563342318058,0.3333333333333333,0.1320025756600129,0.4879601860303385
SHP10053,2026-05-23,West,Bike,Medium,354.5,10.0,10.09,9.86,1096.05,1,0,0.7863881401617251,0.5,0.583386992916935,0.6947812984454006
SHP10054,2026-02-14,East,Truck,Low,299.9,19.0,9.9,11.45,1162.52,0,1,0.6637466307277627,1.0,0.6857694784288474,0.7429333101519826
SHP10055,2026-02-07,South,Van,High,317.9,2.0,8.56,11.19,841.56,0,1,0.704177897574124,0.05555555555555555,0.6690276883451385,0.5104243635994842
SHP10056,2026-06-09,South,Van,High,351.8,19.0,10.94,11.91,1208.89,0,1,0.7803234501347709,1.0,0.7153895685769479,0.7765245360107793
SHP10057,2026-03-29,East,Truck,Medium,207.6,9.0,7.05,9.65,815.52,0,1,0.4564240790655884,0.4444444444444444,0.569864777849324,0.4915605395459352
SHP10058,2026-01-18,South,Van,Medium,256.8,15.0,8.64,10.23,964.69,0,1,0.5669362084456424,0.7777777777777778,0.6072118480360593,0.5996218542182814
SHP10059,2026-05-29,North,Truck,Low,64.6,9.0,4.19,3.7,460.34,1,0,0.1352201257861635,0.4444444444444444,0.1867353509336768,0.23426203619188363
SHP10060,2026-04-27,South,Bike,High,53.3,6.0,3.67,6.85,350.83,0,1,0.10983827493261454,0.2777777777777778,0.3895685769478429,0.15493110792367537
SHP10061,2026-01-05,North,Van,Medium,301.4,15.0,9.53,10.67,1026.69,0,1,0.6671159029649595,0.7777777777777778,0.6355441081777206,0.6445357210124455
SHP10062,2026-05-21,North,Van,High,213.1,14.0,7.66,9.58,841.31,0,1,0.46877807726864323,0.7222222222222222,0.5653573728267869,0.5102432592978947
SHP10063,2026-04-20,South,Bike,Medium,255.2,3.0,7.4,7.3,800.06,1,0,0.5633423180592991,0.1111111111111111,0.41854475209272385,0.48036104953564845
SHP10064,2026-04-21,West,Truck,Low,344.7,14.0,10.29,11.18,1155.33,0,1,0.7643755615453728,0.7222222222222222,0.6683837733419189,0.7377247504382722
SHP10065,2026-06-05,West,Van,Low,286.4,15.0,9.23,9.89,943.06,0,1,0.6334231805929919,0.7777777777777778,0.5853187379265937,0.5839527100447689
SHP10066,2026-03-31,South,Bike,Medium,250.0,8.0,7.8,8.53,804.31,0,1,0.5516621743036837,0.3888888888888889,0.49774629748873156,0.4834398226626678
SHP10067,2026-03-25,South,Bike,Medium,252.5,18.0,8.85,8.9,1079.7,0,1,0.5572776280323449,0.9444444444444444,0.5215711526078558,0.6829370771214558
SHP10068,2026-04-22,North,Truck,Low,138.2,13.0,6.06,5.97,648.42,1,0,0.3005390835579514,0.6666666666666666,0.33290405666452033,0.37051042436359943
SHP10069,2026-02-05,West,Truck,Medium,15.8,7.0,3.02,3.11,199.74,0,1,0.025606469002695417,0.3333333333333333,0.14874436574372182,0.04547891221512293
SHP10070,2026-01-28,North,Van,High,197.6,1.0,6.05,6.24,657.91,0,1,0.4339622641509433,0.0,0.3502897617514489,0.37738514365193193
SHP10071,2026-06-01,West,Van,Medium,98.1,10.0,5.26,4.12,600.53,1,0,0.21046720575022457,0.5,0.21377978106889894,0.33581808435113947
SHP10072,2026-02-08,West,Truck,Medium,185.0,4.0,6.1,7.21,595.85,0,1,0.40566037735849053,0.16666666666666666,0.4127495170637477,0.33242781182538644
SHP10073,2026-04-01,East,Van,Low,384.3,15.0,11.19,8.68,1218.75,1,0,0.8533243486073675,0.7777777777777778,0.5074050225370251,0.7836672896654641
SHP10074,2026-02-18,South,Truck,Medium,106.8,10.0,5.14,5.8,583.67,0,1,0.23000898472596581,0.5,0.32195750160978753,0.32360441025195225
SHP10075,2026-02-11,West,Bike,Low,28.1,9.0,3.46,2.38,319.43,1,0,0.05323450134770889,0.4444444444444444,0.10173857050869285,0.13218440764405034
SHP10076,2026-04-18,East,Van,High,128.1,4.0,4.96,7.97,525.49,0,1,0.27785265049415986,0.16666666666666666,0.46168705730843534,0.28145781718607377
SHP10077,2026-05-25,East,Truck,Medium,133.5,14.0,6.07,6.1,690.1,0,1,0.28998203054806826,0.7222222222222222,0.3412749517063748,0.40070413352457945
SHP10078,2026-03-21,West,Van,Medium,298.5,4.0,8.37,9.84,859.71,0,1,0.6606019766397124,0.16666666666666666,0.5820991629104959,0.5235725358948725
SHP10079,2026-01-25,West,Bike,Low,251.6,8.0,7.83,7.31,824.07,1,0,0.5552560646900269,0.3888888888888889,0.4191886670959434,0.4977543066602918
SHP10080,2026-02-14,North,Van,Low,353.2,16.0,10.66,11.09,1177.17,0,1,0.7834681042228212,0.8333333333333334,0.6625885383129427,0.7535460222251199
SHP10081,2026-01-30,West,Truck,Medium,299.6,18.0,9.79,11.63,810.55,0,1,0.6630727762803235,0.9444444444444444,0.6973599484867998,0.4879601860303385
SHP10082,2026-06-08,West,Truck,Medium,184.1,19.0,7.58,7.86,828.08,0,1,0.40363881401617246,1.0,0.45460399227302006,0.5006592196577853
SHP10083,2026-02-27,North,Van,Medium,366.7,19.0,11.23,13.53,1195.75,0,1,0.813791554357592,1.0,0.819703799098519,0.7670056939192419
SHP10084,2026-03-09,South,Truck,High,76.8,11.0,4.64,5.13,514.61,0,1,0.16262353998203052,0.5555555555555556,0.27881519639407604,0.27357615798090434
SHP10085,2026-01-13,West,Bike,High,12.2,4.0,2.64,4.28,247.25,0,1,0.017520215633423177,0.16666666666666666,0.22408242112041216,0.07989597368916705
SHP10086,2026-03-22,North,Truck,High,42.3,16.0,4.45,7.07,522.67,0,1,0.08513027852650493,0.8333333333333334,0.40373470701867364,0.2794149606641456
SHP10087,2026-06-14,South,Bike,Low,325.6,16.0,10.11,11.08,1142.67,0,1,0.7214734950584007,0.8333333333333334,0.6619446233097231,0.7285536286057867
SHP10088,2026-03-15,East,Bike,Medium,208.9,19.0,8.08,11.03,907.16,0,1,0.4593441150044923,1.0,0.6587250482936252,0.5579461323365352
SHP10089,2026-04-28,East,Van,High,74.2,13.0,4.78,5.57,552.68,0,1,0.1567834681042228,0.6666666666666666,0.3071474565357374,0.30115472102693375
SHP10090,2026-02-02,West,Truck,Medium,226.5,3.0,6.83,5.88,670.25,1,0,0.4988769092542677,0.1111111111111111,0.32710882163554417,0.38632445197838333
SHP10091,2026-01-26,North,Van,Low,70.2,10.0,4.4,2.87,432.52,1,0,0.14779874213836475,0.5,0.13329040566645206,0.21410874951101833
SHP10092,2026-05-12,South,Bike,High,314.0,9.0,9.18,11.98,958.76,0,1,0.6954177897574124,0.4444444444444444,0.719896973599485,0.5953260601845815
SHP10093,2026-01-12,West,Truck,Medium,201.9,17.0,7.74,9.07,961.11,0,1,0.4436208445642407,0.8888888888888888,0.5325177076625885,0.5970284406195215
SHP10094,2026-03-22,East,Van,Medium,172.7,8.0,6.25,6.91,565.87,0,1,0.378032345013477,0.3888888888888889,0.39343206696716043,0.310709783978789
SHP10095,2026-02-27,North,Van,High,137.1,7.0,5.44,5.85,570.11,0,1,0.29806828391734047,0.3333333333333333,0.3251770766258854,0.3137813129337448
SHP10096,2026-01-03,South,Bike,Medium,284.4,2.0,7.89,9.4,706.12,0,1,0.6289308176100629,0.05555555555555555,0.5537669027688346,0.41230929717042636
SHP10097,2026-04-06,South,Van,Medium,164.1,16.0,6.88,6.22,764.15,1,0,0.35871518418688225,0.8333333333333334,0.3490019317450097,0.4543472276553512
SHP10098,2026-06-23,East,Truck,Medium,41.3,15.0,4.33,5.99,461.35,0,1,0.08288409703504042,0.7777777777777778,0.3341918866709595,0.23499369757030467
SHP10099,2026-01-13,South,Van,Medium,54.9,1.0,3.2,6.48,164.95,0,1,0.11343216531895776,0.0,0.3657437218287187,0.020276437605946003
SHP10100,2026-05-27,East,Bike,Low,432.9,9.0,11.56,12.3,1251.89,0,1,0.9624887690925426,0.4444444444444444,0.7405022537025114,0.8076744758841512
SHP10101,2026-04-08,South,Van,Medium,409.0,10.0,11.18,12.93,1182.7,0,1,0.9088050314465408,0.5,0.7810688989053446,0.7575520493762767
SHP10102,2026-05-11,East,Van,High,315.5,9.0,9.21,10.75,881.64,0,1,0.6987870619946092,0.4444444444444444,0.6406954282034772,0.5394590052302921
SHP10103,2026-01-18,North,Bike,Low,121.1,18.0,6.22,4.06,748.2,1,0,0.2621293800539083,0.9444444444444444,0.20991629104958148,0.4427927732139494
SHP10104,2026-06-06,East,Bike,Low,436.2,3.0,11.02,10.59,1198.22,1,0,0.9699011680143755,0.1111111111111111,0.630392788151964,0.7687950044189449
SHP10105,2026-01-03,West,Van,High,350.9,6.0,9.62,10.52,1067.04,0,1,0.7783018867924527,0.2777777777777778,0.625885383129427,0.67376595528897
SHP10106,2026-06-13,North,Truck,Low,323.2,4.0,8.86,7.27,919.19,1,0,0.7160826594788858,0.16666666666666666,0.4166130070830651,0.5666608713290158
SHP10107,2026-04-29,South,Bike,Medium,203.3,5.0,6.57,9.01,659.33,0,1,0.4467654986522911,0.2222222222222222,0.5286542176432711,0.3784138160849596
SHP10108,2026-03-02,East,Bike,Medium,124.0,18.0,6.28,7.22,776.57,0,1,0.2686433063791554,0.9444444444444444,0.4133934320669672,0.46334448935831124
SHP10109,2026-01-02,East,Van,Medium,45.2,18.0,4.7,5.58,619.15,0,1,0.09164420485175202,0.9444444444444444,0.3077913715389569,0.3493067327335158
SHP10110,2026-04-20,East,Truck,Low,406.4,1.0,10.23,10.01,1083.09,1,0,0.902964959568733,0.0,0.5930457179652286,0.6853928514510076
SHP10111,2026-01-16,East,Bike,Medium,206.2,13.0,7.42,7.95,765.27,0,1,0.4532794249775381,0.6666666666666666,0.46039922730199623,0.4551585749264716
SHP10112,2026-04-20,East,Bike,Medium,92.7,5.0,4.35,5.72,423.0,0,1,0.19833782569631622,0.2222222222222222,0.31680618158403095,0.20721229770649507
SHP10113,2026-05-20,East,Bike,Medium,139.1,4.0,5.18,5.54,517.8,0,1,0.30256064690026946,0.16666666666666666,0.3052157115260786,0.2758870488691847
SHP10114,2026-02-18,North,Truck,Low,261.5,6.0,7.83,8.31,721.87,0,1,0.5774932614555256,0.2777777777777778,0.48358016741790094,0.42371886817055676
SHP10115,2026-02-12,West,Van,Medium,81.2,4.0,4.02,4.07,391.76,0,1,0.17250673854447438,0.16666666666666666,0.2105602060528011,0.18458150417988725
SHP10116,2026-02-09,South,Bike,Medium,385.8,10.0,10.72,11.4,1251.04,0,1,0.8566936208445642,0.5,0.6825499034127496,0.8070587212587472
SHP10117,2026-02-10,North,Bike,Low,341.8,19.0,10.74,9.53,1242.76,1,0,0.7578616352201258,1.0,0.562137797810689,0.8010605467901073
SHP10118,2026-01-21,South,Bike,Low,324.3,12.0,9.69,7.67,1115.76,1,0,0.7185534591194969,0.6111111111111112,0.4423696072118481,0.7090595615827067
SHP10119,2026-02-14,South,Van,Low,195.6,14.0,7.31,6.94,810.55,1,0,0.4294699011680143,0.7222222222222222,0.39536381197681914,0.4879601860303385
SHP10120,2026-04-29,North,Van,Low,283.0,10.0,8.66,8.75,919.31,0,1,0.6257861635220126,0.5,0.5119124275595622,0.5667478013937786
SHP10121,2026-02-24,West,Bike,Low,263.7,1.0,7.37,5.77,735.3,1,0,0.5824348607367476,0.0,0.32002575660012883,0.4334477912519377
SHP10122,2026-05-21,North,Van,High,293.1,2.0,8.06,9.92,764.11,0,1,0.6484725965858041,0.05555555555555555,0.5872504829362525,0.45431825096709694
SHP10123,2026-05-28,South,Bike,Medium,39.8,6.0,3.4,3.66,272.19,0,1,0.07951482479784365,0.2777777777777778,0.1841596909207985,0.09796293881572274
SHP10124,2026-05-17,South,Van,High,188.3,5.0,6.27,5.61,681.24,1,0,0.4130727762803234,0.2222222222222222,0.3097231165486157,0.3942857970762521
SHP10125,2026-04-08,West,Bike,High,20.6,16.0,4.01,4.57,515.08,0,1,0.03638814016172507,0.8333333333333334,0.24275595621377985,0.27391663406789235
SHP10126,2026-02-26,East,Bike,Low,223.3,17.0,8.17,8.65,872.66,0,1,0.49168912848158125,0.8888888888888888,0.5054732775273665,0.532953738717202
SHP10127,2026-06-17,West,Van,Medium,149.8,17.0,6.7,7.79,799.12,0,1,0.3265947888589398,0.8888888888888888,0.450096587250483,0.4796800973616725
SHP10128,2026-02-06,North,Van,High,66.7,13.0,4.63,4.97,496.83,0,1,0.139937106918239,0.6666666666666666,0.2685125563425628,0.26069602005186826
SHP10129,2026-03-25,West,Truck,Medium,48.3,11.0,4.07,4.57,439.55,0,1,0.09860736747529199,0.5555555555555556,0.24275595621377985,0.21920140247171152
SHP10130,2026-03-23,West,Truck,Medium,265.3,13.0,8.61,10.58,958.37,0,1,0.5860287511230907,0.6666666666666666,0.6297488731487444,0.595043537474102
SHP10131,2026-05-15,South,Van,Medium,78.4,8.0,4.37,5.56,481.23,0,1,0.16621743036837375,0.3888888888888889,0.30650354153251774,0.24939511163269149
SHP10132,2026-04-09,East,Truck,Low,416.5,13.0,11.63,11.91,1274.02,0,1,0.9256513926325247,0.6666666666666666,0.7153895685769479,0.8237058286608423
SHP10133,2026-05-24,North,Bike,Medium,262.3,16.0,8.85,9.23,1048.52,0,1,0.5792902066486972,0.8333333333333334,0.5428203477141018,0.6603497486272293
SHP10134,2026-06-15,West,Truck,High,157.4,15.0,6.65,7.81,750.2,0,1,0.34366576819407,0.7777777777777778,0.45138441725692213,0.4442416076266643
SHP10135,2026-03-12,West,Van,High,266.7,12.0,8.53,11.08,950.83,0,1,0.589173405211141,0.6111111111111112,0.6619446233097231,0.5895814317381666
SHP10136,2026-06-07,South,Van,Low,12.2,2.0,2.44,1.93,145.34,1,0,0.017520215633423177,0.05555555555555555,0.07276239536381199,0.0060706161892757245
SHP10137,2026-01-31,East,Van,Medium,431.4,14.0,12.03,13.96,810.55,0,1,0.9591194968553458,0.7222222222222222,0.8473921442369609,0.4879601860303385
SHP10138,2026-06-14,South,Van,Low,218.1,7.0,7.06,7.03,746.96,1,0,0.48000898472596576,0.3333333333333333,0.4011590470057953,0.44189449587806606
SHP10139,2026-02-02,North,Van,High,352.7,15.0,10.55,13.74,1198.02,0,1,0.7823450134770888,0.7777777777777778,0.8332260141661302,0.7686501209776734
SHP10140,2026-06-03,East,Truck,Low,39.1,11.0,3.88,3.49,331.65,1,0,0.07794249775381851,0.5555555555555556,0.17321313586606574,0.14103678590573882
SHP10141,2026-03-12,East,Van,High,220.0,17.0,8.1,10.99,872.98,0,1,0.4842767295597484,0.8888888888888888,0.656149388280747,0.5331855522232364
SHP10142,2026-06-23,West,Bike,High,221.8,7.0,7.14,9.93,789.66,0,1,0.4883198562443845,0.3333333333333333,0.5878943979394721,0.47282711058953064
SHP10143,2026-01-24,West,Van,Low,422.1,18.0,12.24,11.86,1385.53,1,0,0.938230008984726,0.9444444444444444,0.71216999356085,0.9044855913417654
SHP10144,2026-03-25,South,Van,Low,258.1,17.0,8.86,6.99,907.7,1,0,0.5698562443845463,0.8888888888888888,0.398583386992917,0.5583373176279682
SHP10145,2026-06-12,West,Bike,High,214.1,7.0,6.98,10.5,763.74,0,1,0.47102425876010773,0.3333333333333333,0.6245975531229878,0.4540502166007447
SHP10146,2026-01-09,East,Bike,Low,121.6,10.0,5.43,5.38,543.05,1,0,0.26325247079964054,0.5,0.2949130714745654,0.2941785833297112
SHP10147,2026-02-17,East,Van,Medium,150.5,11.0,6.11,4.78,712.61,1,0,0.32816711590296493,0.5555555555555556,0.2562781712813909,0.4170107648396864
SHP10148,2026-01-16,East,Van,High,235.3,15.0,8.21,9.44,903.71,0,1,0.5186433063791553,0.7777777777777778,0.5563425627817128,0.5554468929746019
SHP10149,2026-02-27,West,Van,Medium,198.6,14.0,7.37,8.94,818.13,0,1,0.43620844564240785,0.7222222222222222,0.524146812620734,0.4934512684545283
SHP10150,2026-03-12,East,Truck,Medium,11.7,17.0,3.93,3.99,504.79,0,1,0.01639712488769092,0.8888888888888888,0.2054088860270445,0.2664623810144739
SHP10151,2026-04-22,North,Truck,Medium,372.2,8.0,10.24,10.67,1042.45,0,1,0.8261455525606468,0.3888888888888889,0.6355441081777206,0.6559525361846394
SHP10152,2026-02-16,North,Van,Low,403.5,10.0,11.07,12.91,1143.02,0,1,0.8964510332434861,0.5,0.7797810688989054,0.7288071746280117
SHP10153,2026-01-29,South,Van,High,64.8,9.0,4.2,4.57,415.72,0,1,0.1356693620844564,0.4444444444444444,0.24275595621377985,0.2019385404442126
SHP10154,2026-01-31,East,Truck,Low,250.2,18.0,8.8,8.04,1031.66,1,0,0.5521114106019765,0.9444444444444444,0.46619446233097234,0.6481360745280422
SHP10155,2026-06-18,East,Bike,Low,50.6,6.0,3.61,3.28,279.43,1,0,0.10377358490566037,0.2777777777777778,0.1596909207984546,0.10320771938975094
SHP10156,2026-06-21,South,Truck,Low,303.2,12.0,9.26,9.81,927.98,0,1,0.6711590296495956,0.6111111111111112,0.5801674179008371,0.5730284985728981
SHP10157,2026-02-09,East,Truck,High,128.0,3.0,4.86,6.95,492.67,0,1,0.27762803234501343,0.1111111111111111,0.3960077269800387,0.25768244447342115
SHP10158,2026-02-05,West,Van,Low,297.4,17.0,9.65,10.85,1053.15,0,1,0.6581311769991015,0.8888888888888888,0.6471345782356729,0.6637038002926645
SHP10159,2026-01-10,South,Van,High,327.7,8.0,9.35,11.66,967.29,0,1,0.7261904761904762,0.3888888888888889,0.6992916934964586,0.6015053389548107
SHP10160,2026-06-22,South,Van,Medium,346.4,7.0,9.63,11.08,924.52,0,1,0.7681940700808625,0.3333333333333333,0.6619446233097231,0.5705220150389011
SHP10161,2026-05-08,East,Bike,High,50.3,12.0,4.21,5.47,416.11,0,1,0.10309973045822102,0.6111111111111112,0.3007083065035416,0.20222106315469202
SHP10162,2026-05-17,South,Bike,High,412.4,10.0,11.25,13.63,1206.94,0,1,0.9164420485175201,0.5,0.8261429491307148,0.7751119224583822
SHP10163,2026-02-22,West,Bike,High,105.1,17.0,5.8,7.69,699.09,0,1,0.22619047619047614,0.8888888888888888,0.44365743721828726,0.40721664420973325
SHP10164,2026-04-26,West,Bike,High,18.8,11.0,3.48,5.17,324.65,0,1,0.032345013477088944,0.5555555555555556,0.2813908564069543,0.1359658654612364
SHP10165,2026-01-11,East,Bike,Low,250.6,10.0,8.01,8.82,925.9,0,1,0.5530098831985624,0.5,0.5164198325820992,0.5715217107836744
SHP10166,2026-05-02,South,Bike,Medium,168.2,2.0,5.56,6.59,495.23,0,1,0.3679245283018867,0.05555555555555555,0.372826786864134,0.2595369525216963
SHP10167,2026-04-15,East,Van,Medium,373.7,1.0,9.57,10.47,929.4,0,1,0.8295148247978436,0.0,0.6226658081133292,0.5740571710059257
SHP10168,2026-03-01,North,Van,Medium,364.1,8.0,10.08,10.16,1134.2,0,1,0.8079514824797844,0.3888888888888889,0.6027044430135222,0.7224178148679387
SHP10169,2026-05-08,South,Van,High,144.1,19.0,6.78,8.76,788.54,0,1,0.31379155435759204,1.0,0.5125563425627818,0.4720157633184103
SHP10170,2026-04-27,North,Truck,High,428.9,18.0,12.38,14.86,1362.74,0,1,0.9535040431266846,0.9444444444444444,0.9053444945267225,0.8879761232088784
SHP10171,2026-03-21,North,Van,Medium,132.3,12.0,5.85,6.59,620.08,0,1,0.28728661275831086,0.6111111111111112,0.372826786864134,0.34998044073542833
SHP10172,2026-02-03,North,Bike,Medium,232.7,12.0,7.85,11.04,908.83,0,1,0.5128032345013476,0.6111111111111112,0.6593689632968448,0.5591559090711522
SHP10173,2026-01-05,East,Truck,Medium,116.7,8.0,5.13,4.98,586.72,1,0,0.2522461814914645,0.3888888888888889,0.2691564713457824,0.3258138827313426
SHP10174,2026-06-18,North,Truck,Medium,421.3,4.0,10.83,12.31,1082.1,0,1,0.9364330637915543,0.16666666666666666,0.7411461687057309,0.6846756784167136
SHP10175,2026-02-20,East,Van,Medium,75.7,1.0,3.61,4.98,302.63,0,1,0.16015274034141957,0.0,0.2691564713457824,0.12001419857724459
SHP10176,2026-02-24,South,Van,Medium,22.1,7.0,3.14,3.44,298.68,0,1,0.03975741239892183,0.3333333333333333,0.1699935608499678,0.11715275061213254
SHP10177,2026-05-03,South,Van,Low,196.9,7.0,6.64,8.99,634.8,0,1,0.4323899371069182,0.3333333333333333,0.527366387636832,0.36064386201301046
SHP10178,2026-02-15,West,Bike,Low,446.6,4.0,11.33,11.19,1172.01,1,0,0.9932614555256065,0.16666666666666666,0.6690276883451385,0.7498080294403152
SHP10179,2026-03-09,East,Truck,Medium,401.5,5.0,10.53,11.88,1093.54,0,1,0.891958670260557,0.2222222222222222,0.7134578235672893,0.6929630112574433
SHP10180,2026-05-09,East,Bike,Medium,337.4,1.0,8.85,8.74,931.59,1,0,0.7479784366576818,0.0,0.5112685125563426,0.5756436446878486
SHP10181,2026-04-18,East,Van,High,401.1,12.0,11.22,13.17,1272.75,0,1,0.8910601976639713,0.6111111111111112,0.7965228589826143,0.8227858188087682
SHP10182,2026-04-29,North,Van,Medium,402.3,18.0,11.85,13.37,1314.25,0,1,0.8937556154537286,0.9444444444444444,0.8094011590470058,0.8528491328726039
SHP10183,2026-01-01,North,Van,Low,234.4,14.0,8.09,9.02,878.05,0,1,0.5166217430368373,0.7222222222222222,0.5292981326464907,0.5368583474594688
SHP10184,2026-03-23,East,Bike,Low,143.5,9.0,5.77,5.82,627.59,0,1,0.31244384546271337,0.4444444444444444,0.32324533161622676,0.35542081395517305
SHP10185,2026-03-27,West,Bike,Low,347.9,8.0,9.76,11.28,1003.05,0,1,0.7715633423180592,0.3888888888888889,0.6748229233741146,0.6274104982541544
SHP10186,2026-04-24,North,Van,High,298.4,6.0,8.57,10.45,910.97,0,1,0.660377358490566,0.2777777777777778,0.6213779781068899,0.5607061618927572
SHP10187,2026-01-28,North,Bike,Low,169.4,3.0,5.69,4.96,542.72,1,0,0.37061994609164417,0.1111111111111111,0.26786864133934324,0.29393952565161324
SHP10188,2026-01-29,West,Van,Medium,44.3,12.0,4.09,7.4,389.84,0,1,0.08962264150943396,0.6111111111111112,0.4249839021249196,0.18319062314368087
SHP10189,2026-05-18,West,Bike,High,336.6,11.0,9.83,12.43,1015.46,0,1,0.7461814914645104,0.5555555555555556,0.7488731487443658,0.6364005157850509
SHP10190,2026-05-02,North,Van,High,119.6,1.0,4.49,5.19,466.24,0,1,0.25876010781671155,0.0,0.2826786864133935,0.23853609770939277
SHP10191,2026-05-27,South,Van,Low,421.7,8.0,11.23,10.77,1184.7,1,0,0.93733153638814,0.3888888888888889,0.6419832582099163,0.7590008837889918
SHP10192,2026-02-18,East,Bike,Low,110.0,6.0,4.8,3.33,543.82,1,0,0.23719676549865226,0.2777777777777778,0.16291049581455253,0.2947363845786065
SHP10193,2026-06-29,North,Van,Low,57.0,4.0,3.54,3.98,294.29,0,1,0.11814914645103324,0.16666666666666666,0.20476497102382488,0.11397255907622318
SHP10194,2026-02-19,South,Van,Low,374.3,14.0,10.89,10.8,1208.56,1,0,0.8308625336927223,0.7222222222222222,0.6439150032195751,0.7762854783326812
SHP10195,2026-04-28,South,Van,Low,70.7,10.0,4.41,4.11,563.21,1,0,0.14892183288409702,0.5,0.21313586606567939,0.3087828342098781
SHP10196,2026-01-30,East,Van,Medium,82.3,13.0,4.95,5.32,487.48,0,1,0.17497753818508532,0.6666666666666666,0.291049581455248,0.25392271917242576
SHP10197,2026-06-15,South,Bike,High,270.5,14.0,8.81,11.7,881.7,0,1,0.5977088948787062,0.7222222222222222,0.7018673535093368,0.5395024702626736
SHP10198,2026-03-01,South,Bike,Medium,393.8,19.0,11.78,12.1,1386.26,0,1,0.8746630727762803,1.0,0.7276239536381198,0.9050144159024064
SHP10199,2026-05-25,South,Bike,Medium,90.0,16.0,5.4,4.74,568.79,1,0,0.19227313566936205,0.8333333333333334,0.2537025112685126,0.31282508222135286
SHP10200,2026-03-01,West,Van,Low,141.0,12.0,6.02,6.02,645.27,1,0,0.3068283917340521,0.6111111111111112,0.3361236316806182,0.36822851016357333
SHP10201,2026-05-23,North,Truck,High,350.3,17.0,10.71,13.69,1170.29,0,1,0.7769541778975741,0.8888888888888888,0.8300064391500322,0.7485620318453803
SHP10202,2026-03-23,North,Van,Medium,437.4,10.0,11.75,13.29,1274.35,0,1,0.9725965858041329,0.5,0.8042498390212492,0.8239448863389401
SHP10203,2026-01-12,North,Van,High,226.3,19.0,8.43,9.62,917.09,0,1,0.4984276729559748,1.0,0.5679330328396651,0.565139595195665
SHP10204,2026-02-04,West,Van,High,66.5,15.0,4.83,7.22,528.2,0,1,0.13948787061994608,0.7777777777777778,0.4133934320669672,0.28342098781530256
SHP10205,2026-05-04,West,Bike,Low,8.2,13.0,3.46,2.12,392.28,1,0,0.008535489667565135,0.6666666666666666,0.08499678042498392,0.18495820112719313
SHP10206,2026-02-04,East,Bike,Low,104.9,18.0,5.9,5.12,629.41,1,0,0.22574123989218325,0.9444444444444444,0.27817128139085645,0.35673925327074363
SHP10207,2026-02-19,North,Bike,Low,61.1,10.0,4.22,2.72,402.92,1,0,0.12735849056603774,0.5,0.12363168061815843,0.19266600020283683
SHP10208,2026-04-08,West,Truck,Medium,305.6,14.0,9.51,11.9,1028.69,0,1,0.6765498652291105,0.7222222222222222,0.7147456535737283,0.6459845554251604
SHP10209,2026-02-15,South,Truck,High,56.6,6.0,3.73,5.87,288.22,0,1,0.11725067385444743,0.2777777777777778,0.3264649066323246,0.10957534663363325
SHP10210,2026-01-24,West,Truck,Medium,228.8,19.0,8.48,10.03,946.34,0,1,0.5040431266846361,1.0,0.5943335479716677,0.5863287984816214
SHP10211,2026-04-23,South,Truck,Medium,313.0,12.0,9.46,11.77,1029.95,0,1,0.6931716082659478,0.6111111111111112,0.7063747585318738,0.6468973211051708
SHP10212,2026-05-05,West,Van,Medium,262.3,15.0,8.75,12.72,949.08,0,1,0.5792902066486972,0.7777777777777778,0.7675466838377335,0.588313701627041
SHP10213,2026-05-12,West,Van,Low,91.5,9.0,4.73,2.43,471.09,1,0,0.19564240790655882,0.4444444444444444,0.10495814552479076,0.24204952116022657
SHP10214,2026-06-19,North,Van,Low,362.2,17.0,10.94,10.48,1221.94,1,0,0.8036837376460018,0.8888888888888888,0.6233097231165486,0.7859781805537445
SHP10215,2026-01-23,East,Bike,Medium,322.5,2.0,8.65,8.73,835.99,0,1,0.7145103324348607,0.05555555555555555,0.5106245975531231,0.5063893597600729
SHP10216,2026-03-18,South,Truck,Medium,333.1,3.0,8.96,8.83,937.92,1,0,0.7383198562443846,0.1111111111111111,0.5170637475853188,0.5802292056040914
SHP10217,2026-02-12,South,Bike,Medium,60.7,10.0,4.21,3.36,498.16,1,0,0.12646001796945192,0.5,0.1648422408242112,0.26165949493632373
SHP10218,2026-06-12,South,Van,Low,57.4,14.0,4.55,3.83,477.38,1,0,0.11904761904761904,0.7222222222222222,0.19510624597553128,0.24660610538821515
SHP10219,2026-04-08,East,Truck,Medium,417.5,16.0,11.95,11.86,1348.33,1,0,0.9278975741239892,0.8333333333333334,0.71216999356085,0.8775372712652669
SHP10220,2026-01-18,South,Van,Low,180.1,9.0,6.5,6.65,667.44,0,1,0.3946540880503144,0.4444444444444444,0.37669027688345147,0.38428883962851884
SHP10221,2026-05-05,East,Van,High,136.8,13.0,6.04,7.86,671.41,0,1,0.29739442946990113,0.6666666666666666,0.45460399227302006,0.387164775937758
SHP10222,2026-01-08,East,Van,Low,220.9,11.0,7.52,7.96,874.44,0,1,0.48629829290206644,0.5555555555555556,0.4610431423052158,0.5342432013445183
SHP10223,2026-02-19,West,Van,Low,299.0,19.0,9.88,10.68,1142.69,0,1,0.6617250673854447,1.0,0.6361880231809401,0.7285681169499137
SHP10224,2026-05-10,West,Bike,Medium,430.1,13.0,11.9,13.78,1220.42,0,1,0.956199460916442,0.6666666666666666,0.8358016741790084,0.7848770664000811
SHP10225,2026-04-02,North,Van,Medium,130.3,8.0,5.41,5.44,571.09,0,1,0.2827942497753818,0.3888888888888889,0.2987765614938829,0.3144912417959751
SHP10226,2026-05-17,West,Truck,Medium,416.3,19.0,12.23,15.86,1433.34,0,1,0.9252021563342318,1.0,0.96973599484868,0.9391199779777168
SHP10227,2026-04-13,North,Truck,Medium,13.1,3.0,2.56,2.91,192.85,0,1,0.019541778975741237,0.1111111111111111,0.13586606567933038,0.04048767766331985
SHP10228,2026-06-01,East,Van,High,250.7,19.0,8.91,9.0,1058.34,0,1,0.5532345013477088,1.0,0.5280103026400516,0.6674635255936597
SHP10229,2026-04-12,South,Truck,Medium,286.0,3.0,8.02,7.61,772.14,1,0,0.6325247079964061,0.1111111111111111,0.4385061171925307,0.4601353211341475
SHP10230,2026-01-11,East,Van,Medium,49.4,6.0,3.59,1.9,269.83,1,0,0.10107816711590295,0.2777777777777778,0.07083065035415326,0.09625331420871906
SHP10231,2026-01-13,East,Bike,Medium,64.9,16.0,4.9,5.38,557.13,0,1,0.13589398023360288,0.8333333333333334,0.2949130714745654,0.30437837759522457
SHP10232,2026-05-20,West,Bike,Low,189.8,14.0,7.2,6.96,710.52,1,0,0.4164420485175202,0.7222222222222222,0.3966516419832583,0.4154967328783993
SHP10233,2026-01-07,South,Bike,Medium,434.9,19.0,12.6,13.43,1407.99,0,1,0.9669811320754716,1.0,0.8132646490663233,0.9207560017965546
SHP10234,2026-03-09,West,Truck,Low,269.0,15.0,8.88,11.19,1039.71,0,1,0.5943396226415094,0.7777777777777778,0.6690276883451385,0.6539676330392199
SHP10235,2026-01-03,South,Van,Medium,420.0,13.0,11.7,13.5,1192.06,0,1,0.9335130278526504,0.6666666666666666,0.8177720540888603,0.7643325944277828
SHP10236,2026-02-24,North,Bike,Low,362.4,7.0,9.95,10.89,985.7,0,1,0.8041329739442946,0.3333333333333333,0.6497102382485512,0.6148418597238521
SHP10237,2026-04-18,South,Van,High,211.4,1.0,6.33,6.99,556.64,0,1,0.4649595687331536,0.0,0.398583386992917,0.3040234131641094
SHP10238,2026-02-01,East,Van,Medium,353.6,3.0,9.37,9.12,949.07,1,0,0.784366576819407,0.1111111111111111,0.5357372826786864,0.5883064574549774
SHP10239,2026-03-25,East,Van,High,10.0,6.0,2.8,4.18,233.54,0,1,0.012578616352201255,0.2777777777777778,0.21764327108821638,0.06996421379000592
SHP10240,2026-06-29,West,Bike,Medium,50.9,1.0,3.12,3.44,312.94,0,1,0.10444743935309972,0.0,0.1699935608499678,0.12748293997479027
SHP10241,2026-01-13,North,Truck,Low,373.6,10.0,10.47,8.66,1164.87,1,0,0.8292902066486972,0.5,0.5061171925305861,0.7446356905869227
SHP10242,2026-01-12,South,Bike,High,359.0,15.0,10.68,12.78,1202.09,0,1,0.7964959568733153,0.7777777777777778,0.7714101738570509,0.7715984990075483
SHP10243,2026-02-18,West,Bike,Medium,106.2,19.0,6.02,6.66,702.19,0,1,0.2286612758310871,1.0,0.37733419188667106,0.40946233754944145
SHP10244,2026-05-29,South,Van,Medium,239.8,10.0,7.8,8.29,845.26,0,1,0.5287511230907457,0.5,0.4822923374114617,0.5131047072630068
SHP10245,2026-03-15,North,Bike,Medium,273.5,17.0,9.17,9.22,988.91,0,1,0.6044474393530997,0.8888888888888888,0.5421764327108822,0.6171672389562596
SHP10246,2026-04-26,West,Van,Medium,390.7,19.0,11.71,12.37,1360.11,0,1,0.8676999101527403,1.0,0.7450096587250483,0.8860709059561581
SHP10247,2026-01-07,South,Truck,High,272.2,17.0,9.14,11.09,974.8,0,1,0.6015274034141959,0.8888888888888888,0.6625885383129427,0.6069457121745555
SHP10248,2026-05-13,West,Van,Medium,186.8,9.0,6.64,7.33,730.55,0,1,0.40970350404312667,0.4444444444444444,0.42047649710238255,0.4300068095217397
SHP10249,2026-01-13,West,Bike,Low,169.6,7.0,6.09,6.47,672.5,0,1,0.371069182389937,0.3333333333333333,0.3650998068254991,0.38795439069268767
SHP10250,2026-05-09,West,Van,Medium,192.8,19.0,7.76,9.75,895.65,0,1,0.42318059299191374,1.0,0.5763039278815196,0.5496080902913605
SHP10251,2026-01-27,East,Van,Medium,294.1,5.0,8.38,8.81,849.09,0,1,0.6507187780772686,0.2222222222222222,0.5157759175788796,0.515879225163356
SHP10252,2026-06-04,West,Truck,High,390.6,8.0,10.61,12.34,1141.33,0,1,0.8674752920035939,0.3888888888888889,0.7430779137153897,0.7275829095492675
SHP10253,2026-02-23,West,Van,Medium,205.3,2.0,6.31,7.28,478.89,0,1,0.4512578616352201,0.05555555555555555,0.4172569220862847,0.24769997536981495
SHP10254,2026-02-03,South,Van,Medium,113.0,16.0,5.86,7.1,670.2,0,1,0.24393530997304577,0.8333333333333334,0.4056664520283323,0.3862882311180655
SHP10255,2026-03-02,North,Truck,High,108.0,13.0,5.46,6.68,586.5,0,1,0.23270440251572325,0.6666666666666666,0.37862202189311017,0.32565451094594394
SHP10256,2026-01-01,South,Van,Medium,336.2,2.0,8.92,10.58,893.36,0,1,0.7452830188679245,0.05555555555555555,0.6297488731487444,0.5479491748888019
SHP10257,2026-01-30,East,Bike,Medium,367.8,5.0,9.86,11.85,1050.95,0,1,0.816262353998203,0.2222222222222222,0.7115260785576304,0.6621100824386781
SHP10258,2026-04-18,East,Van,Medium,49.2,11.0,4.08,5.83,422.88,0,1,0.10062893081761007,0.5555555555555556,0.3238892466194463,0.20712536764173217
SHP10259,2026-02-24,North,Bike,Low,31.8,11.0,3.74,5.18,336.65,0,1,0.06154537286612757,0.5555555555555556,0.2820347714101739,0.14465887193752622
SHP10260,2026-03-05,East,Truck,Medium,268.3,16.0,8.97,8.93,991.9,1,0,0.5927672955974843,0.8333333333333334,0.5235028976175145,0.6193332464032685
SHP10261,2026-05-26,North,Truck,Low,67.5,6.0,3.95,3.44,379.54,1,0,0.1417340521114106,0.2777777777777778,0.1699935608499678,0.1757291259181988
SHP10262,2026-01-23,East,Truck,Low,371.4,18.0,11.23,11.63,1266.25,0,1,0.8243486073674752,0.9444444444444444,0.6973599484867998,0.8180771069674446
SHP10263,2026-03-13,East,Truck,Medium,141.0,9.0,5.72,6.11,599.49,0,1,0.3068283917340521,0.4444444444444444,0.3419188667095944,0.3350646904565277
SHP10264,2026-02-03,East,Bike,Medium,66.5,16.0,4.93,4.68,601.07,1,0,0.13948787061994608,0.8333333333333334,0.24983902124919513,0.33620926964257253
SHP10265,2026-03-28,South,Van,High,414.6,10.0,10.79,11.38,1073.25,0,1,0.9213836477987422,0.5,0.6812620734063105,0.6782645861404499
SHP10266,2026-03-01,South,Van,Low,76.2,1.0,3.62,3.12,313.55,1,0,0.16127583108715182,0.0,0.14938828074694144,0.12792483447066835
SHP10267,2026-01-09,East,Truck,Low,129.6,2.0,4.79,3.47,499.17,1,0,0.28122192273135665,0.05555555555555555,0.17192530585962656,0.2623911563147448
SHP10268,2026-01-13,East,Bike,High,70.8,8.0,4.22,5.83,341.7,0,1,0.14914645103324345,0.3888888888888889,0.3238892466194463,0.14831717882963155
SHP10269,2026-06-03,West,Van,Low,53.7,19.0,4.97,3.8,588.22,1,0,0.11073674752920036,1.0,0.19317450096587255,0.3269005085408788
SHP10270,2026-01-11,South,Van,Low,11.5,1.0,2.33,0.8,136.96,1,0,0.01594788858939802,0.0,0.0,0.0
SHP10271,2026-05-21,South,Bike,Low,26.8,8.0,3.34,3.01,306.28,1,0,0.05031446540880502,0.3888888888888889,0.1423052157115261,0.1226583213804494
SHP10272,2026-06-14,South,Bike,Medium,80.2,3.0,3.9,4.31,309.72,0,1,0.17026055705300985,0.1111111111111111,0.22601416613007086,0.1251503165703192
SHP10273,2026-03-25,East,Bike,High,25.9,18.0,4.32,6.57,493.35,0,1,0.04829290206648697,0.9444444444444444,0.3715389568576949,0.2581750481737442
SHP10274,2026-02-26,North,Truck,Medium,266.8,13.0,8.64,11.89,1023.82,0,1,0.5893980233602876,0.6666666666666666,0.7141017385705088,0.6424566436301995
SHP10275,2026-05-20,South,Truck,Medium,307.0,15.0,9.64,10.93,1008.5,0,1,0.6796945193171609,0.7777777777777778,0.6522858982614296,0.6313585720288027
SHP10276,2026-06-26,North,Van,Low,178.3,14.0,6.97,7.38,711.63,0,1,0.3906109613656783,0.7222222222222222,0.4236960721184804,0.4163008359774561
SHP10277,2026-01-22,East,Bike,Medium,144.5,13.0,6.19,5.59,613.31,1,0,0.31469002695417786,0.6666666666666666,0.3084352865421765,0.34507613624838807
SHP10278,2026-06-23,West,Van,Medium,226.3,15.0,8.06,7.45,969.33,1,0,0.4984276729559748,0.7777777777777778,0.4282034771410175,0.6029831500557801
SHP10279,2026-06-19,West,Bike,Low,394.0,1.0,9.98,11.82,983.99,0,1,0.8751123090745732,0.0,0.7095943335479717,0.6136031063009808
SHP10280,2026-01-26,South,Van,Low,383.3,17.0,11.37,10.74,1268.11,1,0,0.851078167115903,0.8888888888888888,0.6400515132002577,0.8194245229712694
SHP10281,2026-01-10,North,Truck,Low,21.5,15.0,3.93,2.33,419.17,1,0,0.03840970350404312,0.7777777777777778,0.09851899549259499,0.20443777980614597
SHP10282,2026-05-09,North,Bike,Low,83.3,15.0,5.17,4.81,530.76,1,0,0.17722371967654982,0.7777777777777778,0.2582099162910496,0.2852754958635777
SHP10283,2026-01-14,North,Truck,Medium,108.1,8.0,4.96,5.26,491.24,0,1,0.23292902066486967,0.3888888888888889,0.2871860914359305,0.2566465278683299
SHP10284,2026-04-19,West,Bike,Medium,226.3,16.0,5.87,5.45,768.76,1,0,0.4984276729559748,0.8333333333333334,0.29942047649710246,0.4576867909766592
SHP10285,2026-01-12,West,Van,Low,257.9,8.0,7.96,7.56,894.02,1,0,0.5694070080862532,0.3888888888888889,0.43528654217643276,0.5484272902449978
SHP10286,2026-05-05,East,Truck,Medium,188.5,1.0,5.87,7.66,514.32,0,1,0.4135220125786163,0.0,0.44172569220862856,0.2733660769910607
SHP10287,2026-02-11,North,Van,Medium,24.1,18.0,4.28,3.81,526.16,1,0,0.044249775381850855,0.9444444444444444,0.1938184159690921,0.2819431767143333
SHP10288,2026-01-18,North,Van,Medium,169.4,5.0,5.89,4.83,545.26,1,0,0.37061994609164417,0.2222222222222222,0.2594977462974888,0.29577954535576123
SHP10289,2026-01-12,West,Van,High,236.6,2.0,6.93,9.73,596.58,0,1,0.5215633423180592,0.05555555555555555,0.5750160978750806,0.3329566363860274
SHP10290,2026-02-03,South,Van,Medium,47.5,12.0,4.15,5.04,486.38,0,1,0.09681042228212039,0.6111111111111112,0.2730199613650999,0.2531258602454325
SHP10291,2026-04-08,North,Van,High,375.4,5.0,10.01,11.46,1088.08,0,1,0.8333333333333333,0.2222222222222222,0.6864133934320671,0.6890076933107314
SHP10292,2026-01-14,North,Truck,Low,25.3,17.0,4.21,2.06,528.73,1,0,0.04694519317160826,0.8888888888888888,0.08113329040566647,0.283804928934672
SHP10293,2026-05-25,South,Truck,Medium,416.3,9.0,11.23,11.51,1176.72,0,1,0.9252021563342318,0.4444444444444444,0.6896329684481649,0.7532200344822589
SHP10294,2026-04-19,East,Truck,Low,46.4,1.0,3.03,2.29,232.58,1,0,0.09433962264150943,0.0,0.09594333547971669,0.06926877327190276
SHP10295,2026-02-23,West,Van,Medium,379.9,19.0,11.5,14.0,1331.52,0,1,0.8434411500449236,1.0,0.8499678042498391,0.8653598180263977
SHP10296,2026-06-27,South,Van,Medium,406.4,10.0,11.13,11.09,1211.7,1,0,0.902964959568733,0.5,0.6625885383129427,0.7785601483606438
SHP10297,2026-04-29,East,Van,Low,440.8,5.0,11.32,11.5,1162.05,0,1,0.9802336028751123,0.2222222222222222,0.6889890534449453,0.7425928340649947
SHP10298,2026-05-01,North,Bike,Medium,361.3,13.0,10.53,12.33,1076.0,0,1,0.8016621743036837,0.6666666666666666,0.7424339987121701,0.680256733457933
SHP10299,2026-02-01,North,Bike,Low,351.2,11.0,10.12,7.71,1095.76,1,0,0.7789757412398921,0.5555555555555556,0.44494526722472644,0.6945712174555569
SHP10300,2026-05-08,North,Van,Low,289.8,1.0,7.9,8.9,824.12,0,1,0.6410601976639713,0.0,0.5215711526078558,0.4977905275206096
SHP10301,2026-04-11,West,Truck,Low,351.0,15.0,10.52,9.5,1108.31,1,0,0.7785265049415993,0.7777777777777778,0.5602060528010303,0.7036626533953434
SHP10302,2026-06-27,East,Van,Medium,62.3,8.0,4.05,4.71,429.8,0,1,0.13005390835579514,0.3888888888888889,0.25177076625885386,0.21213833470972604
SHP10303,2026-03-28,West,Van,Low,242.2,14.0,8.24,8.53,919.76,0,1,0.5341419586702605,0.7222222222222222,0.49774629748873156,0.5670737891366395
SHP10304,2026-05-03,North,Van,Medium,232.4,18.0,8.45,10.52,989.04,0,1,0.5121293800539083,0.9444444444444444,0.625885383129427,0.617261413193086
SHP10305,2026-03-03,North,Van,Low,386.2,12.0,10.92,11.83,1224.88,0,1,0.85759209344115,0.6111111111111112,0.7102382485511913,0.7881079671404355
SHP10306,2026-01-08,West,Truck,Medium,209.3,13.0,7.49,5.6,783.21,1,0,0.4602425876010781,0.6666666666666666,0.30907920154539603,0.4681546196085249
SHP10307,2026-01-24,North,Bike,High,174.5,5.0,5.99,6.81,521.14,0,1,0.3820754716981132,0.2222222222222222,0.3869929169349646,0.2783066023384187
SHP10308,2026-06-06,North,Van,Medium,288.5,5.0,8.27,9.16,820.69,0,1,0.6381401617250674,0.2222222222222222,0.5383129426915647,0.4953057765028035
SHP10309,2026-05-13,East,Truck,Medium,121.4,8.0,5.23,5.44,571.09,0,1,0.2628032345013477,0.3888888888888889,0.2987765614938829,0.3144912417959751
SHP10310,2026-03-07,East,Bike,High,64.6,17.0,4.99,7.2,543.73,0,1,0.1352201257861635,0.8888888888888888,0.4121056020605281,0.2946711870300343
SHP10311,2026-05-06,North,Bike,High,216.1,10.0,7.32,10.07,744.19,0,1,0.47551662174303677,0.5,0.596909207984546,0.4398878602164559
SHP10312,2026-01-01,South,Truck,Medium,188.8,7.0,6.48,7.7,579.4,0,1,0.41419586702605565,0.3333333333333333,0.44430135222150685,0.3205111487808058
SHP10313,2026-01-07,East,Van,High,106.2,15.0,5.62,7.12,702.51,0,1,0.2286612758310871,0.7777777777777778,0.4069542820347715,0.4096941510554758
SHP10314,2026-04-02,South,Truck,High,166.6,17.0,7.03,6.91,829.68,1,0,0.3643306379155435,0.8888888888888888,0.39343206696716043,0.5018182871879572
SHP10315,2026-04-23,South,Van,Medium,166.1,18.0,7.12,7.35,844.07,0,1,0.36320754716981124,0.9444444444444444,0.42176432710882167,0.5122426507874415
SHP10316,2026-06-18,North,Bike,Medium,148.7,6.0,5.57,6.48,598.69,0,1,0.32412398921832875,0.2777777777777778,0.3657437218287187,0.33448515669144174
SHP10317,2026-05-17,South,Van,Low,172.0,14.0,6.84,5.5,776.35,1,0,0.3764600179694519,0.7222222222222222,0.30264005151320034,0.46318511757291253
SHP10318,2026-02-16,West,Truck,Low,309.2,12.0,9.38,10.21,1005.25,0,1,0.6846361185983827,0.6111111111111112,0.6059240180296201,0.629004216108141
SHP10319,2026-05-27,East,Van,Medium,135.0,9.0,5.6,7.08,571.63,0,1,0.293351302785265,0.4444444444444444,0.4043786220218932,0.31488242708740816
SHP10320,2026-03-30,West,Van,Medium,427.1,8.0,11.34,12.59,1184.38,0,1,0.9494609164420486,0.3888888888888889,0.759175788795879,0.7587690702829574
SHP10321,2026-05-29,North,Bike,Medium,412.5,3.0,10.55,8.16,1200.06,1,0,0.9166666666666666,0.1111111111111111,0.4739214423696073,0.7701279320786426
SHP10322,2026-02-01,North,Truck,Medium,217.4,6.0,6.95,6.15,731.3,1,0,0.47843665768194066,0.2777777777777778,0.3444945267224727,0.4305501224265078
SHP10323,2026-01-05,East,Van,Medium,149.1,11.0,6.08,8.71,625.15,0,1,0.32502246181491457,0.5555555555555556,0.509336767546684,0.35365323597166076
SHP10324,2026-01-11,North,Bike,High,241.9,17.0,8.54,10.01,979.13,0,1,0.5334681042228212,0.8888888888888888,0.5930457179652286,0.6100824386780834
SHP10325,2026-06-28,East,Bike,Low,382.2,17.0,11.34,9.55,1221.35,1,0,0.848607367475292,0.8888888888888888,0.5634256278171282,0.7855507744019935
SHP10326,2026-01-15,West,Van,Low,294.4,4.0,8.29,9.58,907.38,0,1,0.6513926325247079,0.16666666666666666,0.5653573728267869,0.5581055041219338
SHP10327,2026-06-19,South,Truck,Medium,362.4,13.0,10.55,11.63,1121.53,0,1,0.8041329739442946,0.6666666666666666,0.6973599484867998,0.7132394488633893
SHP10328,2026-05-11,East,Truck,High,240.7,2.0,7.01,10.0,708.09,0,1,0.5307726864330637,0.05555555555555555,0.5924018029620091,0.4137363990669506
SHP10329,2026-01-27,East,Truck,High,285.5,13.0,9.01,11.41,1030.07,0,1,0.6314016172506738,0.6666666666666666,0.6831938184159692,0.6469842511699336
SHP10330,2026-06-05,North,Van,High,131.1,7.0,5.32,7.46,551.73,0,1,0.2845911949685534,0.3333333333333333,0.42884739214423706,0.3004665246808942
SHP10331,2026-01-26,West,Van,High,331.2,9.0,9.52,12.04,1014.89,0,1,0.7340521114106019,0.4444444444444444,0.7237604636188023,0.6359875979774271
SHP10332,2026-01-26,North,Bike,Low,92.7,14.0,5.25,5.71,576.43,0,1,0.19833782569631622,0.7222222222222222,0.31616226658081137,0.318359629677924
SHP10333,2026-04-14,West,Bike,Medium,313.3,9.0,9.17,12.55,968.72,0,1,0.6938454627133872,0.4444444444444444,0.7566001287830008,0.602541255559902
SHP10334,2026-02-21,East,Bike,Low,387.6,16.0,11.35,12.8,1234.77,0,1,0.8607367475292004,0.8333333333333334,0.7726980038634902,0.795272453311311
SHP10335,2026-02-22,North,Bike,Medium,61.2,11.0,4.32,2.94,432.41,1,0,0.1275831087151842,0.5555555555555556,0.13779781068898905,0.21402906361831908
SHP10336,2026-02-05,East,Bike,High,277.2,19.0,9.44,12.13,1138.42,0,1,0.6127583108715183,1.0,0.7295556986477786,0.7254748554787673
SHP10337,2026-04-20,North,Bike,Low,44.6,13.0,4.19,5.01,447.24,0,1,0.09029649595687331,0.6666666666666666,0.2710882163554411,0.22477217078860054
SHP10338,2026-01-05,East,Bike,Medium,327.1,6.0,9.14,11.31,912.26,0,1,0.7248427672955975,0.2777777777777778,0.6767546683837734,0.5616406600889584
SHP10339,2026-02-14,West,Truck,Low,39.9,15.0,4.3,3.42,454.55,1,0,0.0797394429469901,0.7777777777777778,0.1687057308435287,0.2300676605670738
SHP10340,2026-04-10,West,Truck,Low,421.3,8.0,11.23,12.8,1240.38,0,1,0.9364330637915543,0.3888888888888889,0.7726980038634902,0.7993364338389766
SHP10341,2026-03-29,West,Van,Low,63.6,11.0,4.37,4.95,488.32,0,1,0.132973944294699,0.5555555555555556,0.2672247263361237,0.2545312296257661
SHP10342,2026-05-06,South,Truck,Low,431.6,3.0,10.93,13.98,1148.73,0,1,0.9595687331536388,0.1111111111111111,0.8486799742434,0.7329435968763129
SHP10343,2026-02-08,East,Van,High,226.3,3.0,9.52,10.75,956.17,0,1,0.4984276729559748,0.1111111111111111,0.6406954282034772,0.5934498196201156
SHP10344,2026-04-27,South,Van,Medium,268.0,11.0,8.46,8.72,933.4,0,1,0.5920934411500449,0.5555555555555556,0.5099806825499036,0.5769548398313556
SHP10345,2026-05-17,West,Truck,High,352.6,4.0,9.45,11.18,938.76,0,1,0.7821203953279425,0.16666666666666666,0.6683837733419189,0.5808377160574317
SHP10346,2026-03-11,South,Van,Medium,358.2,19.0,11.06,11.7,1238.36,0,1,0.7946990116801437,1.0,0.7018673535093368,0.7978731110821343
SHP10347,2026-02-16,West,Van,Low,425.8,17.0,12.22,11.72,1406.4,1,0,0.9465408805031447,0.8888888888888888,0.703155183515776,0.9196041784384462
SHP10348,2026-04-10,South,Bike,Low,115.5,14.0,5.71,2.41,665.44,1,0,0.24955076370170706,0.7222222222222222,0.1036703155183516,0.38284000521580386
SHP10349,2026-04-15,East,Bike,High,266.4,14.0,8.73,10.32,913.89,0,1,0.5884995507637016,0.7222222222222222,0.6130070830650355,0.5628214601353211
SHP10350,2026-01-17,North,Van,Low,44.6,12.0,4.09,4.04,395.62,1,0,0.09029649595687331,0.6111111111111112,0.20862846104314234,0.18737775459642714
SHP10351,2026-04-12,East,Van,High,278.0,2.0,7.76,9.08,772.49,0,1,0.61455525606469,0.05555555555555555,0.5331616226658081,0.46038886715637267
SHP10352,2026-01-28,North,Van,Low,226.3,8.0,4.37,6.04,514.82,0,1,0.4984276729559748,0.3888888888888889,0.3374114616870574,0.27372828559423945
SHP10353,2026-04-13,North,Bike,Medium,226.3,10.0,8.1,8.88,775.02,0,1,0.4984276729559748,0.5,0.5202833226014167,0.46222164268845706
SHP10354,2026-06-17,South,Bike,High,258.4,18.0,8.97,12.52,1025.0,0,1,0.5705300988319855,0.9444444444444444,0.754668383773342,0.6433114559337013
SHP10355,2026-04-07,South,Van,Low,210.8,5.0,6.72,6.77,611.84,0,1,0.4636118598382749,0.2222222222222222,0.38441725692208634,0.34401124295504265
SHP10356,2026-05-18,East,Bike,Low,236.1,10.0,7.72,8.56,790.88,0,1,0.520440251572327,0.5,0.4996780424983903,0.4737108995812868
SHP10357,2026-02-25,South,Van,High,344.2,7.0,9.58,12.0,986.84,0,1,0.7632524707996405,0.3333333333333333,0.7211848036059241,0.6156676953390997
SHP10358,2026-06-16,North,Van,Low,360.1,3.0,9.5,11.07,947.3,0,1,0.7989667565139263,0.1111111111111111,0.6613007083065037,0.5870242389997247
SHP10359,2026-05-27,South,Bike,Medium,222.5,2.0,6.65,7.25,621.48,0,1,0.48989218328840967,0.05555555555555555,0.415325177076626,0.3509946248243288
SHP10360,2026-06-15,South,Van,Medium,270.6,7.0,8.11,9.4,841.64,0,1,0.5979335130278527,0.3333333333333333,0.5537669027688346,0.5104823169759928
SHP10361,2026-05-14,East,Van,Low,419.2,2.0,10.58,11.16,1054.15,0,1,0.9317160826594788,0.05555555555555555,0.6670959433354798,0.664428217499022
SHP10362,2026-04-27,East,Van,Medium,55.6,2.0,3.31,3.16,212.51,1,0,0.11500449236298292,0.05555555555555555,0.15196394075981975,0.05472971994030801
SHP10363,2026-04-05,North,Truck,Medium,54.5,7.0,3.79,4.5,400.99,0,1,0.11253369272237196,0.3333333333333333,0.2382485511912428,0.19126787499456685
SHP10364,2026-06-17,East,Bike,Medium,41.3,4.0,3.23,5.86,316.74,0,1,0.08288409703504042,0.16666666666666666,0.32582099162910505,0.13023572535894873
SHP10365,2026-06-02,East,Bike,High,296.7,11.0,9.03,10.82,1008.68,0,1,0.6565588499550763,0.5555555555555556,0.6452028332260142,0.631488967125947
SHP10366,2026-03-17,West,Van,Low,189.5,1.0,5.89,5.99,485.57,0,1,0.4157681940700808,0.0,0.3341918866709595,0.252539082308283
SHP10367,2026-01-16,East,Van,Low,348.9,6.0,9.58,11.06,1009.03,0,1,0.7738095238095237,0.2777777777777778,0.6606567933032841,0.6317425131481722
SHP10368,2026-01-01,West,Bike,Medium,302.7,9.0,8.95,11.06,978.36,0,1,0.6700359389038634,0.4444444444444444,0.6606567933032841,0.6095246374291882
SHP10369,2026-02-12,North,Van,High,151.5,19.0,6.93,8.86,748.9,0,1,0.33041329739442943,1.0,0.5189954925949775,0.44329986525839954
SHP10370,2026-01-12,East,Bike,Low,404.5,13.0,11.39,9.13,1244.31,1,0,0.8986972147349506,0.6666666666666666,0.5363811976819061,0.8021833934599614
SHP10371,2026-02-08,North,Truck,Low,343.6,17.0,10.57,11.44,1176.69,0,1,0.761904761904762,0.8888888888888888,0.6851255634256278,0.7531983019660683
SHP10372,2026-01-20,North,Van,Medium,123.2,7.0,5.16,3.14,599.94,1,0,0.2668463611859838,0.3333333333333333,0.15067611075338055,0.3353906781993886
SHP10373,2026-06-26,West,Bike,High,165.2,9.0,6.2,9.57,732.04,0,1,0.3611859838274932,0.4444444444444444,0.5647134578235673,0.4310861911592123
SHP10374,2026-01-18,South,Van,Low,142.9,8.0,5.66,5.52,503.48,1,0,0.31109613656783464,0.3888888888888889,0.30392788151963945,0.2655133944741455
SHP10375,2026-04-23,East,Van,Medium,72.6,17.0,5.15,6.75,697.95,0,1,0.15318957771787955,0.8888888888888888,0.3831294269156472,0.40639080859448573
SHP10376,2026-03-05,East,Truck,Medium,68.2,19.0,5.26,4.8,570.85,1,0,0.14330637915543576,1.0,0.25756600128783,0.3143173816664493
SHP10377,2026-02-01,East,Truck,Medium,421.4,19.0,12.33,11.94,1433.21,1,0,0.9366576819407008,1.0,0.7173213135866066,0.9390258037408904
SHP10378,2026-05-07,North,Truck,Low,198.2,15.0,7.46,7.69,869.71,0,1,0.43530997304582203,0.7777777777777778,0.44365743721828726,0.5308167079584474
SHP10379,2026-06-24,North,Truck,Low,173.7,10.0,6.47,6.22,637.33,1,0,0.38027852650494154,0.5,0.3490019317450097,0.36247663754509496
SHP10380,2026-05-23,North,Bike,Medium,328.9,11.0,9.68,10.09,1063.78,0,1,0.7288858939802335,0.5555555555555556,0.5981970379909852,0.6714043551962445
SHP10381,2026-06-25,West,Bike,Medium,249.7,19.0,8.89,9.92,1006.5,0,1,0.5509883198562443,1.0,0.5872504829362525,0.6299097376160878
SHP10382,2026-04-17,North,Truck,High,421.4,6.0,11.03,16.33,1180.02,0,1,0.9366576819407008,0.2777777777777778,1.0,0.7556106112632387
SHP10383,2026-05-02,East,Van,Medium,351.6,7.0,9.73,11.57,1029.9,0,1,0.779874213836478,0.3333333333333333,0.6934964584674824,0.646861100244853
SHP10384,2026-01-27,South,Bike,Medium,216.8,18.0,8.14,10.13,974.8,0,1,0.477088948787062,0.9444444444444444,0.6007726980038636,0.6069457121745555
SHP10385,2026-06-03,North,Bike,High,170.6,8.0,6.21,8.88,642.71,0,1,0.3733153638814016,0.3888888888888889,0.5202833226014167,0.36637400211529825
SHP10386,2026-05-15,South,Van,Medium,444.0,5.0,11.38,14.09,1179.25,0,1,0.9874213836477987,0.2222222222222222,0.8557630392788153,0.7550528100143434
SHP10387,2026-02-15,North,Truck,Medium,323.6,11.0,9.57,10.3,1079.24,0,1,0.7169811320754718,0.5555555555555556,0.6117192530585963,0.6826038452065313
SHP10388,2026-03-05,North,Van,High,428.1,7.0,11.26,11.29,1213.94,0,1,0.951707097933513,0.3333333333333333,0.6754668383773342,0.7801828429028846
SHP10389,2026-04-20,North,Van,Low,55.1,17.0,4.8,4.26,580.15,1,0,0.11388140161725067,0.8888888888888888,0.22279459111397298,0.3210544616855739
SHP10390,2026-01-03,West,Truck,Medium,383.0,18.0,11.46,13.56,1256.69,0,1,0.8504043126684636,0.9444444444444444,0.8216355441081779,0.8111516784746671
SHP10391,2026-05-28,East,Van,Medium,287.4,6.0,8.35,8.04,813.24,1,0,0.6356693620844563,0.2777777777777778,0.46619446233097234,0.48990886831544017
SHP10392,2026-02-20,West,Bike,Low,56.6,11.0,4.23,3.58,416.97,1,0,0.11725067385444743,0.5555555555555556,0.1790083708950419,0.20284406195215948
SHP10393,2026-01-14,South,Bike,Medium,265.5,19.0,9.21,9.42,1018.16,0,1,0.5864779874213837,1.0,0.5550547327752737,0.6383564422422161
SHP10394,2026-03-01,North,Bike,Low,309.4,15.0,9.69,11.53,1106.06,0,1,0.6850853548966755,0.7777777777777778,0.690920798454604,0.702032714681039
SHP10395,2026-05-31,East,Van,Low,7.5,5.0,2.65,2.79,270.42,0,1,0.00696316262353998,0.2222222222222222,0.12813908564069545,0.09668072036047
SHP10396,2026-02-19,West,Van,Medium,205.5,12.0,7.31,8.72,781.12,0,1,0.451707097933513,0.6111111111111112,0.5099806825499036,0.46664058764723776
SHP10397,2026-04-08,East,Bike,Low,371.8,12.0,10.64,11.59,1218.35,0,1,0.8252470799640611,0.6111111111111112,0.6947842884739215,0.783377522782921
SHP10398,2026-05-27,North,Bike,Medium,134.3,13.0,5.99,6.5,711.04,0,1,0.2917789757412399,0.6666666666666666,0.36703155183515784,0.41587342982570513
SHP10399,2026-01-07,South,Truck,High,207.4,1.0,6.25,8.15,605.23,0,1,0.45597484276729555,0.0,0.47327752736638773,0.33922284522101964
SHP10400,2026-05-17,West,Bike,High,200.2,6.0,6.6,7.07,631.45,0,1,0.439802336028751,0.2777777777777778,0.40373470701867364,0.35821706437171297
SHP10401,2026-02-21,East,Van,Low,137.3,17.0,6.45,3.89,798.95,1,0,0.2985175202156334,0.8888888888888888,0.1989697359948487,0.47955694643659175
SHP10402,2026-05-06,West,Bike,Low,413.5,5.0,10.77,11.15,1116.95,0,1,0.9189128481581311,0.2222222222222222,0.6664520283322602,0.7099216180582721
SHP10403,2026-02-03,East,Van,Low,352.0,6.0,9.64,10.1,1008.08,0,1,0.7807726864330637,0.2777777777777778,0.5988409529942048,0.6310543168021326
SHP10404,2026-01-26,North,Van,Low,51.5,7.0,3.73,4.51,344.02,0,1,0.10579514824797843,0.3333333333333333,0.23889246619446236,0.1499978267483809
SHP10405,2026-05-22,West,Truck,High,448.7,4.0,11.37,15.38,1139.1,0,1,0.9979784366576818,0.16666666666666666,0.9388280746941405,0.7259674591790903
SHP10406,2026-05-26,West,Van,Medium,395.9,3.0,10.22,12.88,978.89,0,1,0.8793800539083557,0.1111111111111111,0.7778493238892468,0.6099085785485576
SHP10407,2026-06-26,East,Van,Low,129.2,7.0,5.28,3.81,558.72,1,0,0.28032345013477084,0.3333333333333333,0.1938184159690921,0.305530200953333
SHP10408,2026-05-02,West,Van,High,376.9,17.0,11.24,13.23,1219.93,0,1,0.83670260557053,0.8888888888888888,0.8003863490019318,0.784522101968966
SHP10409,2026-03-25,North,Van,Medium,49.7,1.0,3.09,3.75,385.02,0,1,0.10175202156334232,0.0,0.18995492594977467,0.1796989322090378
SHP10410,2026-02-05,West,Bike,Low,449.6,6.0,11.59,14.7,1168.25,0,1,1.0,0.2777777777777778,0.8950418544752093,0.747084220744411
SHP10411,2026-02-23,North,Van,Low,300.2,2.0,8.2,9.74,759.86,0,1,0.6644204851752021,0.05555555555555555,0.5756600128783002,0.4512394778400776
SHP10412,2026-04-27,West,Truck,Medium,293.3,11.0,8.97,11.07,986.22,0,1,0.648921832884097,0.5555555555555556,0.6613007083065037,0.615218556671158
SHP10413,2026-03-04,North,Bike,Medium,42.5,5.0,3.35,3.12,372.32,1,0,0.08557951482479784,0.2222222222222222,0.14938828074694144,0.17049883368829774
SHP10414,2026-03-29,East,Van,Low,403.9,16.0,11.68,11.12,1299.49,1,0,0.8973495058400718,0.8333333333333334,0.6645202833226014,0.8421567349067675
SHP10415,2026-01-31,West,Van,High,15.0,12.0,3.5,5.84,394.75,0,1,0.023809523809523805,0.6111111111111112,0.3245331616226659,0.18674751162689612
SHP10416,2026-03-21,North,Bike,High,109.9,15.0,5.7,6.23,548.82,0,1,0.2369721473495058,0.7777777777777778,0.34964584674822935,0.29835847061039394
SHP10417,2026-02-12,North,Bike,High,66.1,13.0,4.62,5.97,468.93,0,1,0.13858939802336026,0.6666666666666666,0.33290405666452033,0.24048477999449444
SHP10418,2026-01-21,West,Truck,Low,350.0,9.0,9.9,9.93,1003.69,0,1,0.7762803234501348,0.4444444444444444,0.5878943979394721,0.6278741252662233
SHP10419,2026-01-24,North,Bike,Low,90.8,17.0,5.52,7.01,540.48,0,1,0.19407008086253366,0.8888888888888888,0.3998712169993561,0.29231683110937245
SHP10420,2026-04-04,East,Van,High,410.0,10.0,11.2,13.12,1207.26,0,1,0.9110512129380054,0.5,0.7933032839665164,0.7753437359644165
SHP10421,2026-03-07,West,Van,Low,296.0,19.0,9.82,7.37,1012.27,1,0,0.6549865229110512,1.0,0.4230521571152609,0.6340896248967705
SHP10422,2026-01-18,East,Bike,Medium,18.2,19.0,4.26,5.24,442.54,0,1,0.030997304582210238,1.0,0.2858982614294914,0.22136740991872042
SHP10423,2026-04-03,South,Van,Medium,4.4,12.0,3.29,2.77,321.51,1,0,0.0,0.6111111111111112,0.12685125563425628,0.1336911954332739
SHP10424,2026-01-30,South,Bike,Low,25.1,13.0,3.8,3.36,371.81,1,0,0.04649595687331536,0.6666666666666666,0.1648422408242112,0.17012938091305543
SHP10425,2026-01-03,East,Truck,Medium,273.5,5.0,7.97,8.58,829.54,0,1,0.6044474393530997,0.2222222222222222,0.5009658725048295,0.5017168687790672
SHP10426,2026-01-24,East,Bike,High,361.1,16.0,10.82,12.84,1216.17,0,1,0.8012129380053908,0.8333333333333334,0.7752736638763684,0.7817982932730618
SHP10427,2026-03-22,East,Truck,Medium,108.9,13.0,5.48,6.85,633.8,0,1,0.2347259658580413,0.6666666666666666,0.3895685769478429,0.35991944480665294
SHP10428,2026-06-21,North,Van,Medium,382.5,18.0,11.45,10.97,1319.36,1,0,0.8492812219227314,0.9444444444444444,0.6548615582743079,0.8565509047970906
SHP10429,2026-02-13,East,Van,High,27.6,6.0,3.15,3.96,340.06,0,1,0.05211141060197664,0.2777777777777778,0.20347714101738576,0.14712913461120528
SHP10430,2026-02-21,East,Van,Medium,360.8,15.0,10.72,12.57,1183.67,0,1,0.8005390835579514,0.7777777777777778,0.7578879587894399,0.7582547340664435
SHP10431,2026-02-13,East,Bike,Medium,417.7,9.0,11.25,11.69,1214.6,0,1,0.9283468104222821,0.4444444444444444,0.7012234385061172,0.7806609582590804
SHP10432,2026-03-05,North,Van,High,347.9,4.0,9.36,9.64,980.4,0,1,0.7715633423180592,0.16666666666666666,0.5692208628461044,0.6110024485301574
SHP10433,2026-05-10,East,Van,Medium,314.8,4.0,8.7,10.21,890.93,0,1,0.6972147349505841,0.16666666666666666,0.6059240180296201,0.5461888410773532
SHP10434,2026-02-27,East,Van,Low,377.4,11.0,10.65,12.14,1130.41,0,1,0.8378256963162622,0.5555555555555556,0.7301996136509982,0.7196722736558439
SHP10435,2026-04-29,North,Van,Low,20.0,7.0,3.1,2.43,275.04,1,0,0.035040431266846354,0.3333333333333333,0.10495814552479076,0.10002752785384159
SHP10436,2026-06-11,West,Bike,Low,92.4,2.0,4.05,1.34,322.49,1,0,0.19766397124887689,0.05555555555555555,0.034771410173857056,0.13440112429550427
SHP10437,2026-06-20,East,Van,Medium,58.0,9.0,4.06,5.15,428.57,0,1,0.12039532794249774,0.4444444444444444,0.2801030264005152,0.21124730154590632
SHP10438,2026-04-12,South,Bike,Medium,228.0,13.0,7.86,6.8,851.37,1,0,0.5022461814914645,0.6666666666666666,0.3863490019317451,0.5175308963938511
SHP10439,2026-05-09,East,Van,Medium,335.8,7.0,9.42,10.64,954.92,0,1,0.7443845462713388,0.3333333333333333,0.6336123631680619,0.5925442981121687
SHP10440,2026-06-15,East,Truck,Medium,284.2,19.0,9.58,9.62,1057.44,0,1,0.6284815813117699,1.0,0.5679330328396651,0.6668115501079381
SHP10441,2026-05-22,East,Van,Medium,383.3,15.0,11.17,11.04,1178.79,1,0,0.851078167115903,0.7777777777777778,0.6593689632968448,0.7547195780994189
SHP10442,2026-02-23,South,Van,High,71.5,10.0,4.43,5.5,501.35,0,1,0.1507187780772686,0.5,0.30264005151320034,0.2639703858246041
SHP10443,2026-01-24,West,Bike,Low,331.1,18.0,10.42,10.52,1175.96,0,1,0.7338274932614556,0.9444444444444444,0.625885383129427,0.7526694774054273
SHP10444,2026-01-21,West,Bike,Medium,88.5,9.0,4.67,4.34,437.87,1,0,0.18890386343216528,0.4444444444444444,0.2279459111397296,0.2179843815650309
SHP10445,2026-06-08,North,Bike,Medium,123.3,3.0,4.77,5.75,481.64,0,1,0.26707097933513024,0.1111111111111111,0.3187379265936897,0.249692122687298
SHP10446,2026-04-11,East,Van,Medium,320.0,1.0,8.5,8.74,816.78,0,1,0.7088948787061995,0.0,0.5112685125563426,0.4924733052259457
SHP10447,2026-02-23,North,Van,Low,441.1,18.0,12.62,14.24,1351.13,0,1,0.9809074573225517,0.9444444444444444,0.8654217643271089,0.8795656394430681
SHP10448,2026-03-04,South,Truck,Medium,276.0,19.0,9.42,10.72,1115.16,0,1,0.610062893081761,1.0,0.6387636831938185,0.7086249112588923
SHP10449,2026-02-20,West,Van,High,26.4,15.0,4.03,4.82,423.91,0,1,0.04941599281221922,0.7777777777777778,0.2588538312942692,0.20787151736428044
SHP10450,2026-05-25,North,Bike,Medium,278.1,2.0,7.76,7.47,749.42,1,0,0.6147798742138365,0.05555555555555555,0.4294913071474566,0.44367656220570545
SHP10451,2026-04-21,South,Truck,High,21.0,6.0,3.02,2.57,276.05,1,0,0.03728661275831087,0.2777777777777778,0.11397295556986478,0.10075918923226264
SHP10452,2026-06-08,North,Truck,High,398.1,1.0,10.06,12.49,1065.24,0,1,0.8843216531895778,0.0,0.7527366387636832,0.6724620043175265
SHP10453,2026-02-24,East,Bike,Medium,319.9,1.0,8.5,8.84,842.68,0,1,0.708670260557053,0.0,0.5177076625885383,0.5112357108706045
SHP10454,2026-03-27,South,Bike,Medium,79.6,5.0,4.09,1.76,331.16,1,0,0.16891284815813112,0.2222222222222222,0.06181584030907921,0.14068182147462366
SHP10455,2026-01-22,East,Van,Medium,43.1,11.0,3.96,3.69,437.29,1,0,0.08692722371967655,0.5555555555555556,0.18609143593045718,0.2175642195853436
SHP10456,2026-06-24,West,Van,High,84.2,2.0,3.88,4.32,319.42,0,1,0.1792452830188679,0.05555555555555555,0.22665808113329047,0.1321771634719868
SHP10457,2026-04-03,East,Truck,Low,441.1,19.0,12.72,15.02,1517.38,0,1,0.9809074573225517,1.0,0.9156471345782358,1.0
SHP10458,2026-04-10,East,Truck,Medium,207.4,9.0,7.05,5.82,738.23,1,0,0.45597484276729555,0.4444444444444444,0.32324533161622676,0.4355703336665652
SHP10459,2026-03-16,North,Van,High,353.3,6.0,9.67,10.19,904.68,0,1,0.7836927223719676,0.2777777777777778,0.604636188023181,0.5561495776647686
SHP10460,2026-02-18,North,Van,Low,287.1,10.0,8.74,10.0,947.7,0,1,0.6349955076370171,0.5,0.5924018029620091,0.5873140058822677
SHP10461,2026-06-20,West,Bike,Medium,258.4,16.0,8.77,11.15,1063.99,0,1,0.5705300988319855,0.8333333333333334,0.6664520283322602,0.6715564828095797
SHP10462,2026-03-30,West,Bike,Medium,67.0,6.0,3.94,3.39,446.32,1,0,0.14061096136567833,0.2777777777777778,0.16677398583386996,0.22410570695875168
SHP10463,2026-05-02,East,Truck,High,425.8,1.0,10.62,12.09,1157.15,0,1,0.9465408805031447,0.0,0.7269800386349002,0.7390431897538431
SHP10464,2026-01-07,South,Van,High,137.0,1.0,4.84,7.04,393.51,0,1,0.29784366576819404,0.0,0.4018029620090149,0.18584923429101283
SHP10465,2026-02-19,North,Van,Low,261.0,17.0,8.92,6.48,1041.25,1,0,0.5763701707097934,0.8888888888888888,0.3657437218287187,0.6550832355370104
SHP10466,2026-05-25,West,Truck,Medium,315.5,3.0,8.61,7.32,835.61,1,0,0.6987870619946092,0.1111111111111111,0.419832582099163,0.5061140812216571
SHP10467,2026-01-16,West,Van,Low,292.9,13.0,9.16,8.96,1008.47,1,0,0.6480233602875112,0.6666666666666666,0.5254346426271733,0.6313368395126121
SHP10468,2026-01-19,North,Truck,Medium,423.4,8.0,11.27,14.07,1138.2,0,1,0.9411500449236297,0.3888888888888889,0.8544752092723762,0.7253154836933686
SHP10469,2026-05-26,East,Truck,Medium,68.5,15.0,4.87,4.84,511.7,1,0,0.1439802336028751,0.7777777777777778,0.26014166130070837,0.27146810391040405
SHP10470,2026-02-25,East,Van,High,229.7,2.0,6.79,8.66,630.91,0,1,0.5060646900269541,0.05555555555555555,0.5061171925305861,0.35782587908027985
SHP10471,2026-02-19,South,Van,Low,183.0,18.0,7.46,8.67,887.03,0,1,0.4011680143755615,0.9444444444444444,0.5067611075338057,0.5433636139725591
SHP10472,2026-04-12,West,Van,Low,214.4,14.0,7.69,9.96,879.71,0,1,0.4716981132075471,0.7222222222222222,0.5898261429491308,0.5380608800220222
SHP10473,2026-02-05,North,Bike,Medium,55.4,9.0,4.01,3.68,416.34,1,0,0.11455525606469001,0.4444444444444444,0.18544752092723762,0.20238767911215425
SHP10474,2026-01-08,South,Truck,Medium,62.1,4.0,3.64,3.84,267.85,0,1,0.12960467205750223,0.16666666666666666,0.19575016097875084,0.09481896814013127
SHP10475,2026-01-01,North,Van,Medium,126.6,19.0,6.43,9.1,726.5,0,1,0.2744833782569631,1.0,0.5344494526722473,0.4270729198359919
SHP10476,2026-01-15,East,Bike,Low,138.5,6.0,5.37,3.32,499.12,1,0,0.3012129380053908,0.2777777777777778,0.1622665808113329,0.2623549354544269
SHP10477,2026-01-29,East,Truck,Low,193.7,10.0,6.87,7.83,765.28,0,1,0.42520215633423175,0.5,0.4526722472633613,0.45516581909853515
SHP10478,2026-05-06,West,Truck,High,275.7,8.0,8.31,9.17,923.56,0,1,0.6093890386343216,0.3888888888888889,0.5389568576947843,0.5698265745207979
SHP10479,2026-02-23,East,Bike,Low,286.3,5.0,8.23,8.27,887.4,0,1,0.6331985624438454,0.2222222222222222,0.4810045074050226,0.5436316483389113
SHP10480,2026-01-13,North,Van,Medium,186.5,8.0,6.53,6.84,640.32,0,1,0.4090296495956873,0.3888888888888889,0.3889246619446234,0.36464264499210386
SHP10481,2026-01-03,South,Van,High,185.1,3.0,6.0,6.62,457.94,0,1,0.40588499550763696,0.1111111111111111,0.3747585318737927,0.23252343489662566
SHP10482,2026-03-27,North,Truck,Low,99.5,1.0,4.09,2.45,277.39,1,0,0.2136118598382749,0.0,0.1062459755312299,0.10172990828878166
SHP10483,2026-06-01,East,Van,Medium,265.6,6.0,7.91,8.93,876.29,0,1,0.5867026055705301,0.2777777777777778,0.5235028976175145,0.5355833731762796
SHP10484,2026-03-02,East,Truck,Low,144.0,3.0,5.18,5.86,472.74,0,1,0.3135669362084456,0.1111111111111111,0.32582099162910505,0.24324480955071642
SHP10485,2026-01-12,West,Van,High,18.2,8.0,3.16,4.42,270.26,0,1,0.030997304582210238,0.3888888888888889,0.2330972311654862,0.09656481360745278
SHP10486,2026-02-11,South,Van,Medium,189.4,17.0,7.49,8.33,916.6,0,1,0.4155435759209344,0.8888888888888888,0.48486799742434006,0.5647846307645499
SHP10487,2026-03-31,South,Van,High,214.4,4.0,6.69,9.07,720.61,0,1,0.4716981132075471,0.16666666666666666,0.5325177076625885,0.42280610249054634
SHP10488,2026-02-03,North,Van,Low,103.1,1.0,4.16,2.54,365.92,1,0,0.22169811320754712,0.0,0.11204121056020606,0.16586256356760987
SHP10489,2026-06-26,South,Van,Medium,258.5,3.0,7.47,8.92,729.5,0,1,0.570754716981132,0.1111111111111111,0.522858982614295,0.42924617145506433
SHP10490,2026-05-18,South,Van,Medium,255.5,10.0,8.11,9.78,856.16,0,1,0.5640161725067385,0.5,0.5782356728911784,0.5210008548123034
SHP10491,2026-03-04,West,Bike,Low,316.5,6.0,8.93,11.82,934.52,0,1,0.7010332434860737,0.2777777777777778,0.7095943335479717,0.577766187102476
SHP10492,2026-06-21,West,Van,Low,292.3,10.0,8.85,8.48,1015.06,1,0,0.6466756513926325,0.5,0.49452672247263374,0.6361107489025078
SHP10493,2026-02-28,North,Van,Low,294.3,1.0,7.99,7.36,804.47,1,0,0.6511680143755616,0.0,0.4224082421120413,0.48355572941568503
SHP10494,2026-01-26,South,Van,High,143.7,7.0,5.57,8.08,594.81,0,1,0.3128930817610062,0.3333333333333333,0.4687701223438507,0.3316744179307746
SHP10495,2026-06-18,East,Van,Medium,354.8,8.0,9.9,11.75,1097.18,0,1,0.7870619946091644,0.3888888888888889,0.7050869285254348,0.6955998898885846
SHP10496,2026-06-22,South,Van,Medium,248.0,9.0,7.86,8.0,774.96,0,1,0.5471698113207546,0.4444444444444444,0.4636188023180941,0.46217817765607566
SHP10497,2026-02-26,North,Truck,Medium,195.3,11.0,7.01,7.22,781.63,0,1,0.428796046720575,0.5555555555555556,0.4133934320669672,0.46701004042248007
SHP10498,2026-04-18,West,Van,Medium,282.5,15.0,9.15,10.67,998.24,0,1,0.6246630727762803,0.7777777777777778,0.6355441081777206,0.623926051491575
SHP10499,2026-02-01,East,Bike,Medium,163.6,9.0,6.17,5.81,528.7,1,0,0.35759209344115,0.4444444444444444,0.3226014166130071,0.2837831964184813
SHP10500,2026-04-26,East,Bike,Medium,231.7,16.0,8.23,8.62,821.97,0,1,0.5105570530098831,0.8333333333333334,0.5035415325177077,0.49623303052694107
