shipment_id,delivery_date,region,vehicle_type,traffic_level,distance_km,shipment_volume,promised_time_hours,delivery_time_hours,transportation_cost,on_time,delayed
SHP10001,2026-01-21,North,Van,Low,348.7,16.0,10.57,9.74,1179.17,1,0
SHP10002,2026-04-13,East,Van,Low,198.6,14.0,7.37,8.29,853.74,0,1
SHP10003,2026-02-01,South,Van,Low,386.7,11.0,10.83,9.79,1141.53,1,0
SHP10004,2026-02-26,North,Truck,Medium,314.4,17.0,9.99,10.71,1034.77,0,1
SHP10005,2026-03-16,North,Truck,Low,44.2,3.0,3.18,1.9,184.99,1,0
SHP10006,2026-01-26,West,Van,High,439.1,18.0,12.58,15.3,1353.35,0,1
SHP10007,2026-03-12,West,Van,Medium,343.0,17.0,10.56,10.96,1121.51,0,1
SHP10008,2026-02-18,West,Bike,High,354.2,10.0,10.08,11.97,1072.28,0,1
SHP10009,2026-06-02,North,Van,Medium,59.4,14.0,4.59,4.74,449.18,0,1
SHP10010,2026-06-04,South,Truck,High,203.8,10.0,7.08,8.12,716.74,0,1
SHP10011,2026-01-01,West,Bike,Low,168.1,6.0,5.96,6.19,562.99,0,1
SHP10012,2026-04-19,East,Van,Medium,417.2,16.0,11.94,13.45,1306.02,0,1
SHP10013,2026-04-26,North,Van,Low,290.5,5.0,8.31,8.16,908.61,1,0
SHP10014,2026-03-10,North,Van,High,370.6,6.0,10.01,11.68,1073.11,0,1
SHP10015,2026-03-26,South,Bike,Medium,200.6,10.0,7.01,8.53,742.05,0,1
SHP10016,2026-05-23,West,Van,High,103.8,16.0,5.68,7.17,615.61,0,1
SHP10017,2026-03-10,North,Van,Low,250.5,8.0,7.81,7.39,795.6,1,0
SHP10018,2026-01-12,West,Van,High,30.6,10.0,3.61,5.2,,0,1
SHP10019,2026-03-09,East,Van,Medium,372.8,1.0,9.56,12.27,984.45,0,1
SHP10020,2026-02-15,West,Truck,Medium,285.0,3.0,8.0,7.22,760.16,1,0
SHP10021,2026-03-10,West,Van,High,341.6,2.0,9.03,11.88,909.16,0,1
SHP10022,2026-02-11,South,Truck,Medium,160.8,2.0,5.42,3.73,418.34,1,0
SHP10023,2026-01-27,West,Truck,Medium,436.9,17.0,12.44,13.99,1396.71,0,1
SHP10024,2026-06-27,North,Bike,Medium,402.1,16.0,11.64,14.59,1326.92,0,1
SHP10025,2026-01-24,South,Van,Low,350.7,16.0,10.61,11.45,1166.94,0,1
SHP10026,2026-05-08,North,Bike,Low,89.2,2.0,3.98,3.61,433.98,1,0
SHP10027,2026-05-10,North,Truck,Low,211.1,2.0,6.42,5.51,580.76,1,0
SHP10028,2026-04-22,North,Van,Low,21.6,6.0,3.03,2.43,285.3,1,0
SHP10029,2026-06-14,North,Bike,High,71.1,11.0,4.52,5.82,472.81,0,1
SHP10030,2026-01-01,North,Bike,Medium,308.0,7.0,8.86,8.82,919.09,1,0
SHP10031,2026-02-24,South,Van,Medium,335.7,10.0,9.71,10.34,1033.4,0,1
SHP10032,2026-02-03,North,Bike,Medium,435.4,4.0,11.11,12.37,1154.7,0,1
SHP10033,2026-04-14,North,Truck,Medium,148.0,14.0,6.36,6.12,735.76,1,0
SHP10034,2026-04-25,West,Truck,Medium,168.0,6.0,5.96,5.57,659.6,1,0
SHP10035,2026-06-11,North,Bike,High,212.4,2.0,6.45,6.66,623.18,0,1
SHP10036,2026-03-10,North,Van,High,86.9,15.0,5.24,7.36,617.87,0,1
SHP10037,2026-02-12,North,Bike,Medium,60.2,18.0,5.0,6.1,544.86,0,1
SHP10038,2026-06-16,North,Van,Low,215.1,1.0,6.4,6.35,645.69,1,0
SHP10039,2026-05-02,East,Bike,Medium,103.7,9.0,4.97,6.45,475.85,0,1
SHP10040,2026-05-18,West,Truck,Medium,302.1,16.0,9.64,10.73,1121.7,0,1
SHP10041,2026-03-22,East,Van,Medium,197.8,14.0,7.36,8.51,906.64,0,1
SHP10042,2026-03-22,East,Van,Medium,375.0,17.0,11.2,12.71,1245.51,0,1
SHP10043,2026-03-12,North,Van,Medium,315.7,8.0,9.11,9.87,859.88,0,1
SHP10044,2026-05-15,West,Van,Low,141.9,8.0,5.64,4.73,551.52,1,0
SHP10045,2026-02-07,North,Van,Low,374.9,14.0,10.9,13.65,1252.21,0,1
SHP10046,2026-06-25,East,Van,Medium,362.5,3.0,9.55,9.92,996.39,0,1
SHP10047,2026-02-01,South,Van,Low,175.6,5.0,6.01,4.97,607.52,1,0
SHP10048,2026-03-24,West,Van,Low,131.2,12.0,5.82,6.03,,0,1
SHP10049,2026-02-26,South,Bike,Medium,307.8,13.0,9.46,10.68,1052.96,0,1
SHP10050,2026-04-26,East,Bike,Medium,64.6,3.0,3.59,2.25,370.92,1,0
SHP10051,2026-05-03,South,Bike,Low,91.6,10.0,4.83,5.67,542.89,0,1
SHP10052,2026-06-15,East,Van,Medium,5.3,7.0,2.81,2.85,,0,1
SHP10053,2026-05-23,West,Bike,Medium,354.5,,10.09,9.86,1096.05,1,0
SHP10054,2026-02-14,East,Truck,Low,299.9,19.0,9.9,11.45,1162.52,0,1
SHP10055,2026-02-07,South,Van,High,317.9,2.0,8.56,11.19,841.56,0,1
SHP10056,2026-06-09,South,Van,High,351.8,19.0,10.94,11.91,1208.89,0,1
SHP10057,2026-03-29,East,Truck,Medium,207.6,9.0,7.05,9.65,815.52,0,1
SHP10058,2026-01-18,South,Van,Medium,256.8,15.0,8.64,10.23,964.69,0,1
SHP10059,2026-05-29,North,Truck,Low,64.6,9.0,4.19,3.7,460.34,1,0
SHP10060,2026-04-27,South,Bike,High,53.3,6.0,3.67,6.85,350.83,0,1
SHP10061,2026-01-05,North,Van,Medium,301.4,15.0,9.53,10.67,1026.69,0,1
SHP10062,2026-05-21,North,Van,High,213.1,14.0,7.66,9.58,841.31,0,1
SHP10063,2026-04-20,South,Bike,Medium,255.2,3.0,7.4,7.3,800.06,1,0
SHP10064,2026-04-21,West,Truck,Low,344.7,14.0,10.29,11.18,1155.33,0,1
SHP10065,2026-06-05,West,Van,Low,286.4,15.0,9.23,9.89,943.06,0,1
SHP10066,2026-03-31,South,Bike,Medium,250.0,8.0,7.8,8.53,804.31,0,1
SHP10067,2026-03-25,South,Bike,Medium,252.5,18.0,8.85,8.9,1079.7,0,1
SHP10068,2026-04-22,North,Truck,Low,138.2,13.0,6.06,5.97,648.42,1,0
SHP10069,2026-02-05,West,Truck,Medium,15.8,7.0,3.02,3.11,199.74,0,1
SHP10070,2026-01-28,North,Van,High,197.6,1.0,6.05,6.24,657.91,0,1
SHP10071,2026-06-01,West,Van,Medium,98.1,,5.26,4.12,600.53,1,0
SHP10072,2026-02-08,West,Truck,Medium,185.0,4.0,6.1,7.21,595.85,0,1
SHP10073,2026-04-01,East,Van,Low,384.3,15.0,11.19,8.68,1218.75,1,0
SHP10074,2026-02-18,South,Truck,Medium,106.8,10.0,5.14,5.8,583.67,0,1
SHP10075,2026-02-11,West,Bike,Low,28.1,9.0,3.46,2.38,319.43,1,0
SHP10076,2026-04-18,East,Van,High,128.1,4.0,4.96,7.97,525.49,0,1
SHP10077,2026-05-25,East,Truck,Medium,133.5,14.0,6.07,6.1,690.1,0,1
SHP10078,2026-03-21,West,Van,Medium,298.5,4.0,8.37,9.84,859.71,0,1
SHP10079,2026-01-25,West,Bike,Low,251.6,8.0,7.83,7.31,824.07,1,0
SHP10080,2026-02-14,North,Van,Low,353.2,16.0,10.66,11.09,1177.17,0,1
SHP10081,2026-01-30,West,Truck,Medium,299.6,18.0,9.79,11.63,,0,1
SHP10082,2026-06-08,West,Truck,Medium,184.1,19.0,7.58,7.86,828.08,0,1
SHP10083,2026-02-27,North,Van,Medium,366.7,19.0,11.23,13.53,1195.75,0,1
SHP10084,2026-03-09,South,Truck,High,76.8,11.0,4.64,5.13,514.61,0,1
SHP10085,2026-01-13,West,Bike,High,12.2,4.0,2.64,4.28,247.25,0,1
SHP10086,2026-03-22,North,Truck,High,42.3,16.0,4.45,7.07,522.67,0,1
SHP10087,2026-06-14,South,Bike,Low,325.6,16.0,10.11,11.08,1142.67,0,1
SHP10088,2026-03-15,East,Bike,Medium,208.9,19.0,8.08,11.03,907.16,0,1
SHP10089,2026-04-28,East,Van,High,74.2,13.0,4.78,5.57,552.68,0,1
SHP10090,2026-02-02,West,Truck,Medium,226.5,3.0,6.83,5.88,670.25,1,0
SHP10091,2026-01-26,North,Van,Low,70.2,10.0,4.4,2.87,432.52,1,0
SHP10092,2026-05-12,South,Bike,High,314.0,9.0,9.18,11.98,958.76,0,1
SHP10093,2026-01-12,West,Truck,Medium,201.9,17.0,7.74,9.07,961.11,0,1
SHP10094,2026-03-22,East,Van,Medium,172.7,8.0,6.25,6.91,565.87,0,1
SHP10095,2026-02-27,North,Van,High,137.1,7.0,5.44,5.85,570.11,0,1
SHP10096,2026-01-03,South,Bike,Medium,284.4,2.0,7.89,9.4,706.12,0,1
SHP10097,2026-04-06,South,Van,Medium,164.1,16.0,6.88,6.22,764.15,1,0
SHP10098,2026-06-23,East,Truck,Medium,41.3,15.0,4.33,5.99,461.35,0,1
SHP10099,2026-01-13,South,Van,Medium,54.9,1.0,3.2,6.48,164.95,0,1
SHP10100,2026-05-27,East,Bike,Low,432.9,9.0,11.56,12.3,1251.89,0,1
SHP10101,2026-04-08,South,Van,Medium,409.0,10.0,11.18,12.93,1182.7,0,1
SHP10102,2026-05-11,East,Van,High,315.5,9.0,9.21,10.75,881.64,0,1
SHP10103,2026-01-18,North,Bike,Low,121.1,18.0,6.22,4.06,748.2,1,0
SHP10104,2026-06-06,East,Bike,Low,436.2,3.0,11.02,10.59,1198.22,1,0
SHP10105,2026-01-03,West,Van,High,350.9,6.0,9.62,10.52,1067.04,0,1
SHP10106,2026-06-13,North,Truck,Low,323.2,4.0,8.86,7.27,919.19,1,0
SHP10107,2026-04-29,South,Bike,Medium,203.3,5.0,6.57,9.01,659.33,0,1
SHP10108,2026-03-02,East,Bike,Medium,124.0,18.0,6.28,7.22,776.57,0,1
SHP10109,2026-01-02,East,Van,Medium,45.2,18.0,4.7,5.58,619.15,0,1
SHP10110,2026-04-20,East,Truck,Low,406.4,1.0,10.23,10.01,1083.09,1,0
SHP10111,2026-01-16,East,Bike,Medium,206.2,13.0,7.42,7.95,765.27,0,1
SHP10112,2026-04-20,East,Bike,Medium,92.7,5.0,4.35,5.72,423.0,0,1
SHP10113,2026-05-20,East,Bike,Medium,139.1,4.0,5.18,5.54,517.8,0,1
SHP10114,2026-02-18,North,Truck,Low,261.5,6.0,7.83,8.31,721.87,0,1
SHP10115,2026-02-12,West,Van,Medium,81.2,4.0,4.02,4.07,391.76,0,1
SHP10116,2026-02-09,South,Bike,Medium,385.8,10.0,10.72,11.4,1251.04,0,1
SHP10117,2026-02-10,North,Bike,Low,341.8,19.0,10.74,9.53,1242.76,1,0
SHP10118,2026-01-21,South,Bike,Low,324.3,12.0,9.69,7.67,1115.76,1,0
SHP10119,2026-02-14,South,Van,Low,195.6,14.0,7.31,6.94,810.55,1,0
SHP10120,2026-04-29,North,Van,Low,283.0,10.0,8.66,8.75,919.31,0,1
SHP10121,2026-02-24,West,Bike,Low,263.7,1.0,7.37,5.77,735.3,1,0
SHP10122,2026-05-21,North,Van,High,293.1,2.0,8.06,9.92,764.11,0,1
SHP10123,2026-05-28,South,Bike,Medium,39.8,6.0,3.4,3.66,272.19,0,1
SHP10124,2026-05-17,South,Van,High,188.3,5.0,6.27,5.61,681.24,1,0
SHP10125,2026-04-08,West,Bike,High,20.6,16.0,4.01,4.57,515.08,0,1
SHP10126,2026-02-26,East,Bike,Low,223.3,17.0,8.17,8.65,872.66,0,1
SHP10127,2026-06-17,West,Van,Medium,149.8,17.0,6.7,7.79,799.12,0,1
SHP10128,2026-02-06,North,Van,High,66.7,13.0,4.63,4.97,496.83,0,1
SHP10129,2026-03-25,West,Truck,Medium,48.3,11.0,4.07,4.57,439.55,0,1
SHP10130,2026-03-23,West,Truck,Medium,265.3,13.0,8.61,10.58,958.37,0,1
SHP10131,2026-05-15,South,Van,Medium,78.4,8.0,4.37,5.56,481.23,0,1
SHP10132,2026-04-09,East,Truck,Low,416.5,13.0,11.63,11.91,1274.02,0,1
SHP10133,2026-05-24,North,Bike,Medium,262.3,16.0,8.85,9.23,1048.52,0,1
SHP10134,2026-06-15,West,Truck,High,157.4,15.0,6.65,7.81,750.2,0,1
SHP10135,2026-03-12,West,Van,High,266.7,12.0,8.53,11.08,950.83,0,1
SHP10136,2026-06-07,South,Van,Low,12.2,2.0,2.44,1.93,145.34,1,0
SHP10137,2026-01-31,East,Van,Medium,431.4,14.0,12.03,13.96,,0,1
SHP10138,2026-06-14,South,Van,Low,218.1,7.0,7.06,7.03,746.96,1,0
SHP10139,2026-02-02,North,Van,High,352.7,15.0,10.55,13.74,1198.02,0,1
SHP10140,2026-06-03,East,Truck,Low,39.1,11.0,3.88,3.49,331.65,1,0
SHP10141,2026-03-12,East,Van,High,220.0,17.0,8.1,10.99,872.98,0,1
SHP10142,2026-06-23,West,Bike,High,221.8,7.0,7.14,9.93,789.66,0,1
SHP10143,2026-01-24,West,Van,Low,422.1,18.0,12.24,11.86,1385.53,1,0
SHP10144,2026-03-25,South,Van,Low,258.1,17.0,8.86,6.99,907.7,1,0
SHP10145,2026-06-12,West,Bike,High,214.1,7.0,6.98,10.5,763.74,0,1
SHP10146,2026-01-09,East,Bike,Low,121.6,10.0,5.43,5.38,543.05,1,0
SHP10147,2026-02-17,East,Van,Medium,150.5,11.0,6.11,4.78,712.61,1,0
SHP10148,2026-01-16,East,Van,High,235.3,15.0,8.21,9.44,903.71,0,1
SHP10149,2026-02-27,West,Van,Medium,198.6,14.0,7.37,8.94,818.13,0,1
SHP10150,2026-03-12,East,Truck,Medium,11.7,17.0,3.93,3.99,504.79,0,1
SHP10151,2026-04-22,North,Truck,Medium,372.2,8.0,10.24,10.67,1042.45,0,1
SHP10152,2026-02-16,North,Van,Low,403.5,10.0,11.07,12.91,1143.02,0,1
SHP10153,2026-01-29,South,Van,High,64.8,9.0,4.2,4.57,415.72,0,1
SHP10154,2026-01-31,East,Truck,Low,250.2,18.0,8.8,8.04,1031.66,1,0
SHP10155,2026-06-18,East,Bike,Low,50.6,6.0,3.61,3.28,279.43,1,0
SHP10156,2026-06-21,South,Truck,Low,303.2,12.0,9.26,9.81,927.98,0,1
SHP10157,2026-02-09,East,Truck,High,128.0,3.0,4.86,6.95,492.67,0,1
SHP10158,2026-02-05,West,Van,Low,297.4,17.0,9.65,10.85,1053.15,0,1
SHP10159,2026-01-10,South,Van,High,327.7,8.0,9.35,11.66,967.29,0,1
SHP10160,2026-06-22,South,Van,Medium,346.4,7.0,9.63,11.08,924.52,0,1
SHP10161,2026-05-08,East,Bike,High,50.3,12.0,4.21,5.47,416.11,0,1
SHP10162,2026-05-17,South,Bike,High,412.4,,11.25,13.63,1206.94,0,1
SHP10163,2026-02-22,West,Bike,High,105.1,17.0,5.8,7.69,699.09,0,1
SHP10164,2026-04-26,West,Bike,High,18.8,11.0,3.48,5.17,324.65,0,1
SHP10165,2026-01-11,East,Bike,Low,250.6,10.0,8.01,8.82,925.9,0,1
SHP10166,2026-05-02,South,Bike,Medium,168.2,2.0,5.56,6.59,495.23,0,1
SHP10167,2026-04-15,East,Van,Medium,373.7,1.0,9.57,10.47,929.4,0,1
SHP10168,2026-03-01,North,Van,Medium,364.1,8.0,10.08,10.16,1134.2,0,1
SHP10169,2026-05-08,South,Van,High,144.1,19.0,6.78,8.76,788.54,0,1
SHP10170,2026-04-27,North,Truck,High,428.9,18.0,12.38,14.86,1362.74,0,1
SHP10171,2026-03-21,North,Van,Medium,132.3,12.0,5.85,6.59,620.08,0,1
SHP10172,2026-02-03,North,Bike,Medium,232.7,12.0,7.85,11.04,908.83,0,1
SHP10173,2026-01-05,East,Truck,Medium,116.7,8.0,5.13,4.98,586.72,1,0
SHP10174,2026-06-18,North,Truck,Medium,421.3,4.0,10.83,12.31,1082.1,0,1
SHP10175,2026-02-20,East,Van,Medium,75.7,1.0,3.61,4.98,302.63,0,1
SHP10176,2026-02-24,South,Van,Medium,22.1,7.0,3.14,3.44,298.68,0,1
SHP10177,2026-05-03,South,Van,Low,196.9,7.0,6.64,8.99,634.8,0,1
SHP10178,2026-02-15,West,Bike,Low,446.6,4.0,11.33,11.19,1172.01,1,0
SHP10179,2026-03-09,East,Truck,Medium,401.5,5.0,10.53,11.88,1093.54,0,1
SHP10180,2026-05-09,East,Bike,Medium,337.4,1.0,8.85,8.74,931.59,1,0
SHP10181,2026-04-18,East,Van,High,401.1,12.0,11.22,13.17,1272.75,0,1
SHP10182,2026-04-29,North,Van,Medium,402.3,18.0,11.85,13.37,1314.25,0,1
SHP10183,2026-01-01,North,Van,Low,234.4,14.0,8.09,9.02,878.05,0,1
SHP10184,2026-03-23,East,Bike,Low,143.5,9.0,5.77,5.82,627.59,0,1
SHP10185,2026-03-27,West,Bike,Low,347.9,8.0,9.76,11.28,1003.05,0,1
SHP10186,2026-04-24,North,Van,High,298.4,6.0,8.57,10.45,910.97,0,1
SHP10187,2026-01-28,North,Bike,Low,169.4,3.0,5.69,4.96,542.72,1,0
SHP10188,2026-01-29,West,Van,Medium,44.3,12.0,4.09,7.4,389.84,0,1
SHP10189,2026-05-18,West,Bike,High,336.6,11.0,9.83,12.43,1015.46,0,1
SHP10190,2026-05-02,North,Van,High,119.6,1.0,4.49,5.19,466.24,0,1
SHP10191,2026-05-27,South,Van,Low,421.7,8.0,11.23,10.77,1184.7,1,0
SHP10192,2026-02-18,East,Bike,Low,110.0,6.0,4.8,3.33,543.82,1,0
SHP10193,2026-06-29,North,Van,Low,57.0,4.0,3.54,3.98,294.29,0,1
SHP10194,2026-02-19,South,Van,Low,374.3,14.0,10.89,10.8,1208.56,1,0
SHP10195,2026-04-28,South,Van,Low,70.7,10.0,4.41,4.11,563.21,1,0
SHP10196,2026-01-30,East,Van,Medium,82.3,13.0,4.95,5.32,487.48,0,1
SHP10197,2026-06-15,South,Bike,High,270.5,14.0,8.81,11.7,881.7,0,1
SHP10198,2026-03-01,South,Bike,Medium,393.8,19.0,11.78,12.1,1386.26,0,1
SHP10199,2026-05-25,South,Bike,Medium,90.0,16.0,5.4,4.74,568.79,1,0
SHP10200,2026-03-01,West,Van,Low,141.0,12.0,6.02,6.02,645.27,1,0
SHP10201,2026-05-23,North,Truck,High,350.3,17.0,10.71,13.69,1170.29,0,1
SHP10202,2026-03-23,North,Van,Medium,437.4,10.0,11.75,13.29,1274.35,0,1
SHP10203,2026-01-12,North,Van,High,226.3,19.0,8.43,9.62,917.09,0,1
SHP10204,2026-02-04,West,Van,High,66.5,15.0,4.83,7.22,528.2,0,1
SHP10205,2026-05-04,West,Bike,Low,8.2,13.0,3.46,2.12,392.28,1,0
SHP10206,2026-02-04,East,Bike,Low,104.9,18.0,5.9,5.12,629.41,1,0
SHP10207,2026-02-19,North,Bike,Low,61.1,10.0,4.22,2.72,402.92,1,0
SHP10208,2026-04-08,West,Truck,Medium,305.6,14.0,9.51,11.9,1028.69,0,1
SHP10209,2026-02-15,South,Truck,High,56.6,6.0,3.73,5.87,288.22,0,1
SHP10210,2026-01-24,West,Truck,Medium,228.8,19.0,8.48,10.03,946.34,0,1
SHP10211,2026-04-23,South,Truck,Medium,313.0,12.0,9.46,11.77,1029.95,0,1
SHP10212,2026-05-05,West,Van,Medium,262.3,15.0,8.75,12.72,949.08,0,1
SHP10213,2026-05-12,West,Van,Low,91.5,9.0,4.73,2.43,471.09,1,0
SHP10214,2026-06-19,North,Van,Low,362.2,17.0,10.94,10.48,1221.94,1,0
SHP10215,2026-01-23,East,Bike,Medium,322.5,2.0,8.65,8.73,835.99,0,1
SHP10216,2026-03-18,South,Truck,Medium,333.1,3.0,8.96,8.83,937.92,1,0
SHP10217,2026-02-12,South,Bike,Medium,60.7,10.0,4.21,3.36,498.16,1,0
SHP10218,2026-06-12,South,Van,Low,57.4,14.0,4.55,3.83,477.38,1,0
SHP10219,2026-04-08,East,Truck,Medium,417.5,16.0,11.95,11.86,1348.33,1,0
SHP10220,2026-01-18,South,Van,Low,180.1,9.0,6.5,6.65,667.44,0,1
SHP10221,2026-05-05,East,Van,High,136.8,13.0,6.04,7.86,671.41,0,1
SHP10222,2026-01-08,East,Van,Low,220.9,11.0,7.52,7.96,874.44,0,1
SHP10223,2026-02-19,West,Van,Low,299.0,19.0,9.88,10.68,1142.69,0,1
SHP10224,2026-05-10,West,Bike,Medium,430.1,13.0,11.9,13.78,1220.42,0,1
SHP10225,2026-04-02,North,Van,Medium,130.3,8.0,5.41,5.44,571.09,0,1
SHP10226,2026-05-17,West,Truck,Medium,416.3,19.0,12.23,15.86,1433.34,0,1
SHP10227,2026-04-13,North,Truck,Medium,13.1,3.0,2.56,2.91,192.85,0,1
SHP10228,2026-06-01,East,Van,High,250.7,19.0,8.91,9.0,1058.34,0,1
SHP10229,2026-04-12,South,Truck,Medium,286.0,3.0,8.02,7.61,772.14,1,0
SHP10230,2026-01-11,East,Van,Medium,49.4,6.0,3.59,1.9,269.83,1,0
SHP10231,2026-01-13,East,Bike,Medium,64.9,16.0,4.9,5.38,557.13,0,1
SHP10232,2026-05-20,West,Bike,Low,189.8,14.0,7.2,6.96,710.52,1,0
SHP10233,2026-01-07,South,Bike,Medium,434.9,19.0,12.6,13.43,1407.99,0,1
SHP10234,2026-03-09,West,Truck,Low,269.0,15.0,8.88,11.19,1039.71,0,1
SHP10235,2026-01-03,South,Van,Medium,420.0,13.0,11.7,13.5,1192.06,0,1
SHP10236,2026-02-24,North,Bike,Low,362.4,7.0,9.95,10.89,985.7,0,1
SHP10237,2026-04-18,South,Van,High,211.4,1.0,6.33,6.99,556.64,0,1
SHP10238,2026-02-01,East,Van,Medium,353.6,3.0,9.37,9.12,949.07,1,0
SHP10239,2026-03-25,East,Van,High,10.0,6.0,2.8,4.18,233.54,0,1
SHP10240,2026-06-29,West,Bike,Medium,50.9,1.0,3.12,3.44,312.94,0,1
SHP10241,2026-01-13,North,Truck,Low,373.6,10.0,10.47,8.66,1164.87,1,0
SHP10242,2026-01-12,South,Bike,High,359.0,15.0,10.68,12.78,1202.09,0,1
SHP10243,2026-02-18,West,Bike,Medium,106.2,19.0,6.02,6.66,702.19,0,1
SHP10244,2026-05-29,South,Van,Medium,239.8,10.0,7.8,8.29,845.26,0,1
SHP10245,2026-03-15,North,Bike,Medium,273.5,17.0,9.17,9.22,988.91,0,1
SHP10246,2026-04-26,West,Van,Medium,390.7,19.0,11.71,12.37,1360.11,0,1
SHP10247,2026-01-07,South,Truck,High,272.2,17.0,9.14,11.09,974.8,0,1
SHP10248,2026-05-13,West,Van,Medium,186.8,9.0,6.64,7.33,730.55,0,1
SHP10249,2026-01-13,West,Bike,Low,169.6,7.0,6.09,6.47,672.5,0,1
SHP10250,2026-05-09,West,Van,Medium,192.8,19.0,7.76,9.75,895.65,0,1
SHP10251,2026-01-27,East,Van,Medium,294.1,5.0,8.38,8.81,849.09,0,1
SHP10252,2026-06-04,West,Truck,High,390.6,8.0,10.61,12.34,1141.33,0,1
SHP10253,2026-02-23,West,Van,Medium,205.3,2.0,6.31,7.28,478.89,0,1
SHP10254,2026-02-03,South,Van,Medium,113.0,16.0,5.86,7.1,670.2,0,1
SHP10255,2026-03-02,North,Truck,High,108.0,13.0,5.46,6.68,586.5,0,1
SHP10256,2026-01-01,South,Van,Medium,336.2,2.0,8.92,10.58,893.36,0,1
SHP10257,2026-01-30,East,Bike,Medium,367.8,5.0,9.86,11.85,1050.95,0,1
SHP10258,2026-04-18,East,Van,Medium,49.2,11.0,4.08,5.83,422.88,0,1
SHP10259,2026-02-24,North,Bike,Low,31.8,11.0,3.74,5.18,336.65,0,1
SHP10260,2026-03-05,East,Truck,Medium,268.3,16.0,8.97,8.93,991.9,1,0
SHP10261,2026-05-26,North,Truck,Low,67.5,6.0,3.95,3.44,379.54,1,0
SHP10262,2026-01-23,East,Truck,Low,371.4,18.0,11.23,11.63,1266.25,0,1
SHP10263,2026-03-13,East,Truck,Medium,141.0,9.0,5.72,6.11,599.49,0,1
SHP10264,2026-02-03,East,Bike,Medium,66.5,16.0,4.93,4.68,601.07,1,0
SHP10265,2026-03-28,South,Van,High,414.6,,10.79,11.38,1073.25,0,1
SHP10266,2026-03-01,South,Van,Low,76.2,1.0,3.62,3.12,313.55,1,0
SHP10267,2026-01-09,East,Truck,Low,129.6,2.0,4.79,3.47,499.17,1,0
SHP10268,2026-01-13,East,Bike,High,70.8,8.0,4.22,5.83,341.7,0,1
SHP10269,2026-06-03,West,Van,Low,53.7,19.0,4.97,3.8,588.22,1,0
SHP10270,2026-01-11,South,Van,Low,11.5,1.0,2.33,0.8,136.96,1,0
SHP10271,2026-05-21,South,Bike,Low,26.8,8.0,3.34,3.01,306.28,1,0
SHP10272,2026-06-14,South,Bike,Medium,80.2,3.0,3.9,4.31,309.72,0,1
SHP10273,2026-03-25,East,Bike,High,25.9,18.0,4.32,6.57,493.35,0,1
SHP10274,2026-02-26,North,Truck,Medium,266.8,13.0,8.64,11.89,1023.82,0,1
SHP10275,2026-05-20,South,Truck,Medium,307.0,15.0,9.64,10.93,1008.5,0,1
SHP10276,2026-06-26,North,Van,Low,178.3,14.0,6.97,7.38,711.63,0,1
SHP10277,2026-01-22,East,Bike,Medium,144.5,13.0,6.19,5.59,613.31,1,0
SHP10278,2026-06-23,West,Van,Medium,,15.0,8.06,7.45,969.33,1,0
SHP10279,2026-06-19,West,Bike,Low,394.0,1.0,9.98,11.82,983.99,0,1
SHP10280,2026-01-26,South,Van,Low,383.3,17.0,11.37,10.74,1268.11,1,0
SHP10281,2026-01-10,North,Truck,Low,21.5,15.0,3.93,2.33,419.17,1,0
SHP10282,2026-05-09,North,Bike,Low,83.3,15.0,5.17,4.81,530.76,1,0
SHP10283,2026-01-14,North,Truck,Medium,108.1,8.0,4.96,5.26,491.24,0,1
SHP10284,2026-04-19,West,Bike,Medium,,16.0,5.87,5.45,768.76,1,0
SHP10285,2026-01-12,West,Van,Low,257.9,8.0,7.96,7.56,894.02,1,0
SHP10286,2026-05-05,East,Truck,Medium,188.5,1.0,5.87,7.66,514.32,0,1
SHP10287,2026-02-11,North,Van,Medium,24.1,18.0,4.28,3.81,526.16,1,0
SHP10288,2026-01-18,North,Van,Medium,169.4,5.0,5.89,4.83,545.26,1,0
SHP10289,2026-01-12,West,Van,High,236.6,2.0,6.93,9.73,596.58,0,1
SHP10290,2026-02-03,South,Van,Medium,47.5,12.0,4.15,5.04,486.38,0,1
SHP10291,2026-04-08,North,Van,High,375.4,5.0,10.01,11.46,1088.08,0,1
SHP10292,2026-01-14,North,Truck,Low,25.3,17.0,4.21,2.06,528.73,1,0
SHP10293,2026-05-25,South,Truck,Medium,416.3,9.0,11.23,11.51,1176.72,0,1
SHP10294,2026-04-19,East,Truck,Low,46.4,1.0,3.03,2.29,232.58,1,0
SHP10295,2026-02-23,West,Van,Medium,379.9,19.0,11.5,14.0,1331.52,0,1
SHP10296,2026-06-27,South,Van,Medium,406.4,10.0,11.13,11.09,1211.7,1,0
SHP10297,2026-04-29,East,Van,Low,440.8,5.0,11.32,11.5,1162.05,0,1
SHP10298,2026-05-01,North,Bike,Medium,361.3,13.0,10.53,12.33,1076.0,0,1
SHP10299,2026-02-01,North,Bike,Low,351.2,11.0,10.12,7.71,1095.76,1,0
SHP10300,2026-05-08,North,Van,Low,289.8,1.0,7.9,8.9,824.12,0,1
SHP10301,2026-04-11,West,Truck,Low,351.0,15.0,10.52,9.5,1108.31,1,0
SHP10302,2026-06-27,East,Van,Medium,62.3,8.0,4.05,4.71,429.8,0,1
SHP10303,2026-03-28,West,Van,Low,242.2,14.0,8.24,8.53,919.76,0,1
SHP10304,2026-05-03,North,Van,Medium,232.4,18.0,8.45,10.52,989.04,0,1
SHP10305,2026-03-03,North,Van,Low,386.2,12.0,10.92,11.83,1224.88,0,1
SHP10306,2026-01-08,West,Truck,Medium,209.3,13.0,7.49,5.6,783.21,1,0
SHP10307,2026-01-24,North,Bike,High,174.5,5.0,5.99,6.81,521.14,0,1
SHP10308,2026-06-06,North,Van,Medium,288.5,5.0,8.27,9.16,820.69,0,1
SHP10309,2026-05-13,East,Truck,Medium,121.4,8.0,5.23,5.44,571.09,0,1
SHP10310,2026-03-07,East,Bike,High,64.6,17.0,4.99,7.2,543.73,0,1
SHP10311,2026-05-06,North,Bike,High,216.1,10.0,7.32,10.07,744.19,0,1
SHP10312,2026-01-01,South,Truck,Medium,188.8,7.0,6.48,7.7,579.4,0,1
SHP10313,2026-01-07,East,Van,High,106.2,15.0,5.62,7.12,702.51,0,1
SHP10314,2026-04-02,South,Truck,High,166.6,17.0,7.03,6.91,829.68,1,0
SHP10315,2026-04-23,South,Van,Medium,166.1,18.0,7.12,7.35,844.07,0,1
SHP10316,2026-06-18,North,Bike,Medium,148.7,6.0,5.57,6.48,598.69,0,1
SHP10317,2026-05-17,South,Van,Low,172.0,14.0,6.84,5.5,776.35,1,0
SHP10318,2026-02-16,West,Truck,Low,309.2,12.0,9.38,10.21,1005.25,0,1
SHP10319,2026-05-27,East,Van,Medium,135.0,9.0,5.6,7.08,571.63,0,1
SHP10320,2026-03-30,West,Van,Medium,427.1,8.0,11.34,12.59,1184.38,0,1
SHP10321,2026-05-29,North,Bike,Medium,412.5,3.0,10.55,8.16,1200.06,1,0
SHP10322,2026-02-01,North,Truck,Medium,217.4,6.0,6.95,6.15,731.3,1,0
SHP10323,2026-01-05,East,Van,Medium,149.1,11.0,6.08,8.71,625.15,0,1
SHP10324,2026-01-11,North,Bike,High,241.9,17.0,8.54,10.01,979.13,0,1
SHP10325,2026-06-28,East,Bike,Low,382.2,17.0,11.34,9.55,1221.35,1,0
SHP10326,2026-01-15,West,Van,Low,294.4,4.0,8.29,9.58,907.38,0,1
SHP10327,2026-06-19,South,Truck,Medium,362.4,13.0,10.55,11.63,1121.53,0,1
SHP10328,2026-05-11,East,Truck,High,240.7,2.0,7.01,10.0,708.09,0,1
SHP10329,2026-01-27,East,Truck,High,285.5,13.0,9.01,11.41,1030.07,0,1
SHP10330,2026-06-05,North,Van,High,131.1,7.0,5.32,7.46,551.73,0,1
SHP10331,2026-01-26,West,Van,High,331.2,9.0,9.52,12.04,1014.89,0,1
SHP10332,2026-01-26,North,Bike,Low,92.7,14.0,5.25,5.71,576.43,0,1
SHP10333,2026-04-14,West,Bike,Medium,313.3,9.0,9.17,12.55,968.72,0,1
SHP10334,2026-02-21,East,Bike,Low,387.6,16.0,11.35,12.8,1234.77,0,1
SHP10335,2026-02-22,North,Bike,Medium,61.2,11.0,4.32,2.94,432.41,1,0
SHP10336,2026-02-05,East,Bike,High,277.2,19.0,9.44,12.13,1138.42,0,1
SHP10337,2026-04-20,North,Bike,Low,44.6,13.0,4.19,5.01,447.24,0,1
SHP10338,2026-01-05,East,Bike,Medium,327.1,6.0,9.14,11.31,912.26,0,1
SHP10339,2026-02-14,West,Truck,Low,39.9,15.0,4.3,3.42,454.55,1,0
SHP10340,2026-04-10,West,Truck,Low,421.3,8.0,11.23,12.8,1240.38,0,1
SHP10341,2026-03-29,West,Van,Low,63.6,11.0,4.37,4.95,488.32,0,1
SHP10342,2026-05-06,South,Truck,Low,431.6,3.0,10.93,13.98,1148.73,0,1
SHP10343,2026-02-08,East,Van,High,,3.0,9.52,10.75,956.17,0,1
SHP10344,2026-04-27,South,Van,Medium,268.0,11.0,8.46,8.72,933.4,0,1
SHP10345,2026-05-17,West,Truck,High,352.6,4.0,9.45,11.18,938.76,0,1
SHP10346,2026-03-11,South,Van,Medium,358.2,19.0,11.06,11.7,1238.36,0,1
SHP10347,2026-02-16,West,Van,Low,425.8,17.0,12.22,11.72,1406.4,1,0
SHP10348,2026-04-10,South,Bike,Low,115.5,14.0,5.71,2.41,665.44,1,0
SHP10349,2026-04-15,East,Bike,High,266.4,14.0,8.73,10.32,913.89,0,1
SHP10350,2026-01-17,North,Van,Low,44.6,12.0,4.09,4.04,395.62,1,0
SHP10351,2026-04-12,East,Van,High,278.0,2.0,7.76,9.08,772.49,0,1
SHP10352,2026-01-28,North,Van,Low,,8.0,4.37,6.04,514.82,0,1
SHP10353,2026-04-13,North,Bike,Medium,,10.0,8.1,8.88,775.02,0,1
SHP10354,2026-06-17,South,Bike,High,258.4,18.0,8.97,12.52,1025.0,0,1
SHP10355,2026-04-07,South,Van,Low,210.8,5.0,6.72,6.77,611.84,0,1
SHP10356,2026-05-18,East,Bike,Low,236.1,10.0,7.72,8.56,790.88,0,1
SHP10357,2026-02-25,South,Van,High,344.2,7.0,9.58,12.0,986.84,0,1
SHP10358,2026-06-16,North,Van,Low,360.1,3.0,9.5,11.07,947.3,0,1
SHP10359,2026-05-27,South,Bike,Medium,222.5,2.0,6.65,7.25,621.48,0,1
SHP10360,2026-06-15,South,Van,Medium,270.6,7.0,8.11,9.4,841.64,0,1
SHP10361,2026-05-14,East,Van,Low,419.2,2.0,10.58,11.16,1054.15,0,1
SHP10362,2026-04-27,East,Van,Medium,55.6,2.0,3.31,3.16,212.51,1,0
SHP10363,2026-04-05,North,Truck,Medium,54.5,7.0,3.79,4.5,400.99,0,1
SHP10364,2026-06-17,East,Bike,Medium,41.3,4.0,3.23,5.86,316.74,0,1
SHP10365,2026-06-02,East,Bike,High,296.7,11.0,9.03,10.82,1008.68,0,1
SHP10366,2026-03-17,West,Van,Low,189.5,1.0,5.89,5.99,485.57,0,1
SHP10367,2026-01-16,East,Van,Low,348.9,6.0,9.58,11.06,1009.03,0,1
SHP10368,2026-01-01,West,Bike,Medium,302.7,9.0,8.95,11.06,978.36,0,1
SHP10369,2026-02-12,North,Van,High,151.5,19.0,6.93,8.86,748.9,0,1
SHP10370,2026-01-12,East,Bike,Low,404.5,13.0,11.39,9.13,1244.31,1,0
SHP10371,2026-02-08,North,Truck,Low,343.6,17.0,10.57,11.44,1176.69,0,1
SHP10372,2026-01-20,North,Van,Medium,123.2,7.0,5.16,3.14,599.94,1,0
SHP10373,2026-06-26,West,Bike,High,165.2,9.0,6.2,9.57,732.04,0,1
SHP10374,2026-01-18,South,Van,Low,142.9,8.0,5.66,5.52,503.48,1,0
SHP10375,2026-04-23,East,Van,Medium,72.6,17.0,5.15,6.75,697.95,0,1
SHP10376,2026-03-05,East,Truck,Medium,68.2,19.0,5.26,4.8,570.85,1,0
SHP10377,2026-02-01,East,Truck,Medium,421.4,19.0,12.33,11.94,1433.21,1,0
SHP10378,2026-05-07,North,Truck,Low,198.2,15.0,7.46,7.69,869.71,0,1
SHP10379,2026-06-24,North,Truck,Low,173.7,10.0,6.47,6.22,637.33,1,0
SHP10380,2026-05-23,North,Bike,Medium,328.9,11.0,9.68,10.09,1063.78,0,1
SHP10381,2026-06-25,West,Bike,Medium,249.7,19.0,8.89,9.92,1006.5,0,1
SHP10382,2026-04-17,North,Truck,High,421.4,6.0,11.03,16.33,1180.02,0,1
SHP10383,2026-05-02,East,Van,Medium,351.6,7.0,9.73,11.57,1029.9,0,1
SHP10384,2026-01-27,South,Bike,Medium,216.8,18.0,8.14,10.13,974.8,0,1
SHP10385,2026-06-03,North,Bike,High,170.6,8.0,6.21,8.88,642.71,0,1
SHP10386,2026-05-15,South,Van,Medium,444.0,5.0,11.38,14.09,1179.25,0,1
SHP10387,2026-02-15,North,Truck,Medium,323.6,11.0,9.57,10.3,1079.24,0,1
SHP10388,2026-03-05,North,Van,High,428.1,7.0,11.26,11.29,1213.94,0,1
SHP10389,2026-04-20,North,Van,Low,55.1,17.0,4.8,4.26,580.15,1,0
SHP10390,2026-01-03,West,Truck,Medium,383.0,18.0,11.46,13.56,1256.69,0,1
SHP10391,2026-05-28,East,Van,Medium,287.4,6.0,8.35,8.04,813.24,1,0
SHP10392,2026-02-20,West,Bike,Low,56.6,11.0,4.23,3.58,416.97,1,0
SHP10393,2026-01-14,South,Bike,Medium,265.5,19.0,9.21,9.42,1018.16,0,1
SHP10394,2026-03-01,North,Bike,Low,309.4,15.0,9.69,11.53,1106.06,0,1
SHP10395,2026-05-31,East,Van,Low,7.5,5.0,2.65,2.79,270.42,0,1
SHP10396,2026-02-19,West,Van,Medium,205.5,12.0,7.31,8.72,781.12,0,1
SHP10397,2026-04-08,East,Bike,Low,371.8,12.0,10.64,11.59,1218.35,0,1
SHP10398,2026-05-27,North,Bike,Medium,134.3,13.0,5.99,6.5,711.04,0,1
SHP10399,2026-01-07,South,Truck,High,207.4,1.0,6.25,8.15,605.23,0,1
SHP10400,2026-05-17,West,Bike,High,200.2,6.0,6.6,7.07,631.45,0,1
SHP10401,2026-02-21,East,Van,Low,137.3,17.0,6.45,3.89,798.95,1,0
SHP10402,2026-05-06,West,Bike,Low,413.5,5.0,10.77,11.15,1116.95,0,1
SHP10403,2026-02-03,East,Van,Low,352.0,6.0,9.64,10.1,1008.08,0,1
SHP10404,2026-01-26,North,Van,Low,51.5,7.0,3.73,4.51,344.02,0,1
SHP10405,2026-05-22,West,Truck,High,448.7,4.0,11.37,15.38,1139.1,0,1
SHP10406,2026-05-26,West,Van,Medium,395.9,3.0,10.22,12.88,978.89,0,1
SHP10407,2026-06-26,East,Van,Low,129.2,7.0,5.28,3.81,558.72,1,0
SHP10408,2026-05-02,West,Van,High,376.9,17.0,11.24,13.23,1219.93,0,1
SHP10409,2026-03-25,North,Van,Medium,49.7,1.0,3.09,3.75,385.02,0,1
SHP10410,2026-02-05,West,Bike,Low,449.6,6.0,11.59,14.7,1168.25,0,1
SHP10411,2026-02-23,North,Van,Low,300.2,2.0,8.2,9.74,759.86,0,1
SHP10412,2026-04-27,West,Truck,Medium,293.3,11.0,8.97,11.07,986.22,0,1
SHP10413,2026-03-04,North,Bike,Medium,42.5,5.0,3.35,3.12,372.32,1,0
SHP10414,2026-03-29,East,Van,Low,403.9,16.0,11.68,11.12,1299.49,1,0
SHP10415,2026-01-31,West,Van,High,15.0,12.0,3.5,5.84,394.75,0,1
SHP10416,2026-03-21,North,Bike,High,109.9,15.0,5.7,6.23,548.82,0,1
SHP10417,2026-02-12,North,Bike,High,66.1,13.0,4.62,5.97,468.93,0,1
SHP10418,2026-01-21,West,Truck,Low,350.0,9.0,9.9,9.93,1003.69,0,1
SHP10419,2026-01-24,North,Bike,Low,90.8,17.0,5.52,7.01,540.48,0,1
SHP10420,2026-04-04,East,Van,High,410.0,10.0,11.2,13.12,1207.26,0,1
SHP10421,2026-03-07,West,Van,Low,296.0,19.0,9.82,7.37,1012.27,1,0
SHP10422,2026-01-18,East,Bike,Medium,18.2,19.0,4.26,5.24,442.54,0,1
SHP10423,2026-04-03,South,Van,Medium,4.4,12.0,3.29,2.77,321.51,1,0
SHP10424,2026-01-30,South,Bike,Low,25.1,13.0,3.8,3.36,371.81,1,0
SHP10425,2026-01-03,East,Truck,Medium,273.5,5.0,7.97,8.58,829.54,0,1
SHP10426,2026-01-24,East,Bike,High,361.1,16.0,10.82,12.84,1216.17,0,1
SHP10427,2026-03-22,East,Truck,Medium,108.9,13.0,5.48,6.85,633.8,0,1
SHP10428,2026-06-21,North,Van,Medium,382.5,18.0,11.45,10.97,1319.36,1,0
SHP10429,2026-02-13,East,Van,High,27.6,6.0,3.15,3.96,340.06,0,1
SHP10430,2026-02-21,East,Van,Medium,360.8,15.0,10.72,12.57,1183.67,0,1
SHP10431,2026-02-13,East,Bike,Medium,417.7,9.0,11.25,11.69,1214.6,0,1
SHP10432,2026-03-05,North,Van,High,347.9,4.0,9.36,9.64,980.4,0,1
SHP10433,2026-05-10,East,Van,Medium,314.8,4.0,8.7,10.21,890.93,0,1
SHP10434,2026-02-27,East,Van,Low,377.4,11.0,10.65,12.14,1130.41,0,1
SHP10435,2026-04-29,North,Van,Low,20.0,7.0,3.1,2.43,275.04,1,0
SHP10436,2026-06-11,West,Bike,Low,92.4,2.0,4.05,1.34,322.49,1,0
SHP10437,2026-06-20,East,Van,Medium,58.0,9.0,4.06,5.15,428.57,0,1
SHP10438,2026-04-12,South,Bike,Medium,228.0,13.0,7.86,6.8,851.37,1,0
SHP10439,2026-05-09,East,Van,Medium,335.8,7.0,9.42,10.64,954.92,0,1
SHP10440,2026-06-15,East,Truck,Medium,284.2,19.0,9.58,9.62,1057.44,0,1
SHP10441,2026-05-22,East,Van,Medium,383.3,15.0,11.17,11.04,1178.79,1,0
SHP10442,2026-02-23,South,Van,High,71.5,10.0,4.43,5.5,501.35,0,1
SHP10443,2026-01-24,West,Bike,Low,331.1,18.0,10.42,10.52,1175.96,0,1
SHP10444,2026-01-21,West,Bike,Medium,88.5,9.0,4.67,4.34,437.87,1,0
SHP10445,2026-06-08,North,Bike,Medium,123.3,3.0,4.77,5.75,481.64,0,1
SHP10446,2026-04-11,East,Van,Medium,320.0,1.0,8.5,8.74,816.78,0,1
SHP10447,2026-02-23,North,Van,Low,441.1,18.0,12.62,14.24,1351.13,0,1
SHP10448,2026-03-04,South,Truck,Medium,276.0,19.0,9.42,10.72,1115.16,0,1
SHP10449,2026-02-20,West,Van,High,26.4,15.0,4.03,4.82,423.91,0,1
SHP10450,2026-05-25,North,Bike,Medium,278.1,2.0,7.76,7.47,749.42,1,0
SHP10451,2026-04-21,South,Truck,High,21.0,6.0,3.02,2.57,276.05,1,0
SHP10452,2026-06-08,North,Truck,High,398.1,1.0,10.06,12.49,1065.24,0,1
SHP10453,2026-02-24,East,Bike,Medium,319.9,1.0,8.5,8.84,842.68,0,1
SHP10454,2026-03-27,South,Bike,Medium,79.6,5.0,4.09,1.76,331.16,1,0
SHP10455,2026-01-22,East,Van,Medium,43.1,11.0,3.96,3.69,437.29,1,0
SHP10456,2026-06-24,West,Van,High,84.2,2.0,3.88,4.32,319.42,0,1
SHP10457,2026-04-03,East,Truck,Low,441.1,19.0,12.72,15.02,1517.38,0,1
SHP10458,2026-04-10,East,Truck,Medium,207.4,9.0,7.05,5.82,738.23,1,0
SHP10459,2026-03-16,North,Van,High,353.3,6.0,9.67,10.19,904.68,0,1
SHP10460,2026-02-18,North,Van,Low,287.1,10.0,8.74,10.0,947.7,0,1
SHP10461,2026-06-20,West,Bike,Medium,258.4,16.0,8.77,11.15,1063.99,0,1
SHP10462,2026-03-30,West,Bike,Medium,67.0,6.0,3.94,3.39,446.32,1,0
SHP10463,2026-05-02,East,Truck,High,425.8,1.0,10.62,12.09,1157.15,0,1
SHP10464,2026-01-07,South,Van,High,137.0,1.0,4.84,7.04,393.51,0,1
SHP10465,2026-02-19,North,Van,Low,261.0,17.0,8.92,6.48,1041.25,1,0
SHP10466,2026-05-25,West,Truck,Medium,315.5,3.0,8.61,7.32,835.61,1,0
SHP10467,2026-01-16,West,Van,Low,292.9,13.0,9.16,8.96,1008.47,1,0
SHP10468,2026-01-19,North,Truck,Medium,423.4,8.0,11.27,14.07,1138.2,0,1
SHP10469,2026-05-26,East,Truck,Medium,68.5,15.0,4.87,4.84,511.7,1,0
SHP10470,2026-02-25,East,Van,High,229.7,2.0,6.79,8.66,630.91,0,1
SHP10471,2026-02-19,South,Van,Low,183.0,18.0,7.46,8.67,887.03,0,1
SHP10472,2026-04-12,West,Van,Low,214.4,14.0,7.69,9.96,879.71,0,1
SHP10473,2026-02-05,North,Bike,Medium,55.4,9.0,4.01,3.68,416.34,1,0
SHP10474,2026-01-08,South,Truck,Medium,62.1,4.0,3.64,3.84,267.85,0,1
SHP10475,2026-01-01,North,Van,Medium,126.6,19.0,6.43,9.1,726.5,0,1
SHP10476,2026-01-15,East,Bike,Low,138.5,6.0,5.37,3.32,499.12,1,0
SHP10477,2026-01-29,East,Truck,Low,193.7,,6.87,7.83,765.28,0,1
SHP10478,2026-05-06,West,Truck,High,275.7,8.0,8.31,9.17,923.56,0,1
SHP10479,2026-02-23,East,Bike,Low,286.3,5.0,8.23,8.27,887.4,0,1
SHP10480,2026-01-13,North,Van,Medium,186.5,8.0,6.53,6.84,640.32,0,1
SHP10481,2026-01-03,South,Van,High,185.1,3.0,6.0,6.62,457.94,0,1
SHP10482,2026-03-27,North,Truck,Low,99.5,1.0,4.09,2.45,277.39,1,0
SHP10483,2026-06-01,East,Van,Medium,265.6,6.0,7.91,8.93,876.29,0,1
SHP10484,2026-03-02,East,Truck,Low,144.0,3.0,5.18,5.86,472.74,0,1
SHP10485,2026-01-12,West,Van,High,18.2,8.0,3.16,4.42,270.26,0,1
SHP10486,2026-02-11,South,Van,Medium,189.4,17.0,7.49,8.33,916.6,0,1
SHP10487,2026-03-31,South,Van,High,214.4,4.0,6.69,9.07,720.61,0,1
SHP10488,2026-02-03,North,Van,Low,103.1,1.0,4.16,2.54,365.92,1,0
SHP10489,2026-06-26,South,Van,Medium,258.5,3.0,7.47,8.92,729.5,0,1
SHP10490,2026-05-18,South,Van,Medium,255.5,10.0,8.11,9.78,856.16,0,1
SHP10491,2026-03-04,West,Bike,Low,316.5,6.0,8.93,11.82,934.52,0,1
SHP10492,2026-06-21,West,Van,Low,292.3,10.0,8.85,8.48,1015.06,1,0
SHP10493,2026-02-28,North,Van,Low,294.3,1.0,7.99,7.36,804.47,1,0
SHP10494,2026-01-26,South,Van,High,143.7,7.0,5.57,8.08,594.81,0,1
SHP10495,2026-06-18,East,Van,Medium,354.8,8.0,9.9,11.75,1097.18,0,1
SHP10496,2026-06-22,South,Van,Medium,248.0,9.0,7.86,8.0,774.96,0,1
SHP10497,2026-02-26,North,Truck,Medium,195.3,11.0,7.01,7.22,781.63,0,1
SHP10498,2026-04-18,West,Van,Medium,282.5,15.0,9.15,10.67,998.24,0,1
SHP10499,2026-02-01,East,Bike,Medium,163.6,9.0,6.17,5.81,528.7,1,0
SHP10500,2026-04-26,East,Bike,Medium,231.7,16.0,8.23,8.62,821.97,0,1
SHP10025,2026-01-24,South,Van,Low,350.7,16.0,10.61,11.45,1166.94,0,1
SHP10088,2026-03-15,East,Bike,Medium,208.9,19.0,8.08,11.03,907.16,0,1
SHP10157,2026-02-09,East,Truck,High,128.0,3.0,4.86,6.95,492.67,0,1
